Date/Time,LV ActivePower (kW),Wind Speed (m/s),Theoretical_Power_Curve (KWh),Wind Direction (°),curtailment_flag
2018-01-03 15:40:00,0.0,3.74330711364746,83.9862648526323,245.068206787109,True
2018-01-03 17:00:00,0.0,3.90781092643737,110.979603898723,241.973098754882,True
2018-01-04 09:40:00,133.005294799804,4.90747880935668,313.591284301694,187.008499145507,True
2018-01-04 15:00:00,0.0,5.1600317955017,376.309165711294,81.8731002807617,True
2018-01-04 15:10:00,0.0,5.16147279739379,376.681373208756,62.481460571289,True
2018-01-04 15:20:00,0.0,5.41498184204101,444.872136627284,61.6274795532226,True
2018-01-04 15:30:00,0.0,6.77862119674682,919.369570495732,67.9675827026367,True
2018-01-04 15:40:00,0.0,4.43689489364624,208.760610827014,0.0,True
2018-01-05 07:50:00,0.0,3.76078701019287,86.6489343164285,72.2801971435546,True
2018-01-05 12:40:00,0.0,3.80271005630493,93.2341965612031,302.234497070312,True
2018-01-05 18:50:00,0.0,3.56856894493103,60.0558578489918,208.167205810546,True
2018-01-06 05:00:00,0.0,3.6463189125061,70.1004561332411,134.456497192382,True
2018-01-06 05:10:00,47.9093284606933,4.01667118072509,126.101410575036,133.604904174804,True
2018-01-06 11:30:00,0.0,3.57755708694458,61.1676018766193,0.0,True
2018-01-06 13:00:00,0.0,3.76298904418945,86.9878319383133,200.714202880859,True
2018-01-06 13:10:00,0.0,3.5569519996643,58.6381063836634,179.872497558593,True
2018-01-06 13:40:00,0.0,3.74033403396606,83.5382476347913,170.110107421875,True
2018-01-06 13:50:00,0.0,3.56308197975158,59.3835286257281,179.26919555664,True
2018-01-06 14:10:00,0.0,3.83623194694519,98.7021318295856,190.23289489746,True
2018-01-06 14:20:00,0.0,4.42426300048828,206.138505101499,204.704498291015,True
2018-01-06 14:30:00,0.0,4.6206841468811,247.990775492228,208.401000976562,True
2018-01-06 14:40:00,0.0,4.91845321655273,316.216071055876,210.591094970703,True
2018-01-06 14:50:00,35.4170188903808,4.85179281234741,300.407352983659,206.661804199218,True
2018-01-06 16:20:00,0.0,3.96685791015625,121.724590599536,191.441696166992,True
2018-01-06 16:30:00,0.0,4.38385009765625,197.811063419661,194.618499755859,True
2018-01-06 16:40:00,0.0,3.81846094131469,95.7810151186895,191.879699707031,True
2018-01-06 16:50:00,0.0,4.46043491363525,213.671740687755,199.076507568359,True
2018-01-06 17:00:00,0.0,4.3185977935791,184.55836209986,201.680297851562,True
2018-01-06 17:10:00,0.0,4.51971817016601,226.185075382855,195.064697265625,True
2018-01-06 17:20:00,0.0,4.84571409225463,298.981662761255,193.9501953125,True
2018-01-06 17:30:00,0.0,4.70441198348999,266.565907625028,0.0,True
2018-01-06 17:40:00,110.177299499511,4.89206600189208,309.919793326133,173.601501464843,True
2018-01-08 15:00:00,0.0,3.61961102485656,66.5409785653146,241.085800170898,True
2018-01-08 15:50:00,0.0,3.73492193222045,82.7263215477469,220.32859802246,True
2018-01-08 16:00:00,0.0,4.2164077758789,164.263932669198,220.930099487304,True
2018-01-08 16:10:00,0.0,4.71121215820312,268.094764795949,216.975204467773,True
2018-01-08 16:20:00,0.0,4.46926593780517,215.522520860867,225.325607299804,True
2018-01-08 16:30:00,0.0,4.82365322113037,293.82955729811,235.091796875,True
2018-01-08 16:40:00,0.0,4.23133277893066,167.193987115739,225.234893798828,True
2018-01-09 06:30:00,0.0,3.52425694465637,54.7638497506387,345.817413330078,True
2018-01-09 08:40:00,0.0,3.58410096168518,61.98514544925,76.8080215454101,True
2018-01-09 11:20:00,1.07666599750518,3.74831509590148,84.7441216891721,78.5811614990234,True
2018-01-09 11:30:00,58.0236701965332,4.00967407226562,124.798210059004,69.0193328857421,True
2018-01-09 12:30:00,12.0914602279663,3.81346201896667,94.9684211110407,83.6885681152343,True
2018-01-10 14:00:00,0.0,3.52895188331604,55.3096678552001,103.270103454589,True
2018-01-10 15:20:00,22.0021495819091,4.20941305160522,162.894649269986,258.528503417968,True
2018-01-10 20:40:00,0.0,3.58742904663085,62.4035602782387,241.906005859375,True
2018-01-10 21:20:00,76.4114532470703,4.83735609054565,297.025680536446,226.160095214843,True
2018-01-11 09:10:00,558.426513671875,10.8799400329589,3228.38486379432,166.755905151367,True
2018-01-11 09:20:00,0.0,10.9715595245361,3262.30788106258,167.217803955078,True
2018-01-11 09:30:00,0.0,10.5264902114868,3078.32492068302,0.0,True
2018-01-11 09:40:00,0.0,10.4321403503417,3032.81204037888,179.27000427246,True
2018-01-11 10:00:00,0.0,9.11311817169189,2217.15435509404,0.0,True
2018-01-11 10:10:00,0.0,8.87664127349853,2064.79063002074,179.770095825195,True
2018-01-11 10:20:00,0.0,8.36803340911865,1747.2664507019,176.73240661621,True
2018-01-11 10:30:00,0.0,8.77905845642089,2002.64972901648,174.526596069335,True
2018-01-11 10:40:00,0.0,8.29993629455566,1706.14851764153,0.0,True
2018-01-11 10:50:00,524.581481933593,8.14762687683105,1615.63570027357,170.964294433593,True
2018-01-12 01:10:00,35.4624595642089,3.73747706413269,83.1090596619879,238.490798950195,True
2018-01-12 02:00:00,0.0,3.75615096092224,85.937972805802,210.680603027343,True
2018-01-12 03:00:00,40.1725387573242,4.09630489349365,141.089350202128,216.007095336914,True
2018-01-12 05:50:00,0.0,3.70300698280334,78.033728879328,192.381393432617,True
2018-01-12 06:10:00,41.8886489868164,3.75440192222595,85.6706423318874,194.687896728515,True
2018-01-12 07:20:00,0.0,3.61708092689514,66.2096992876659,169.313201904296,True
2018-01-12 10:00:00,0.0,3.72176909446716,80.7726610811851,215.207199096679,True
2018-01-12 17:40:00,0.0,3.81868696212768,95.8178501447146,55.0905113220214,True
2018-01-12 17:50:00,37.3181991577148,3.81391811370849,95.0423953044956,46.7814407348632,True
2018-01-13 21:40:00,1793.90100097656,13.2841100692749,3600.0,43.682201385498,True
2018-01-13 21:50:00,1765.41101074218,13.9267797470092,3600.0,43.6217994689941,True
2018-01-13 22:00:00,980.982116699218,14.8789300918579,3600.0,42.4589385986328,True
2018-01-13 22:10:00,364.214385986328,14.0129299163818,3600.0,44.8490982055664,True
2018-01-13 22:20:00,372.102813720703,12.5643901824951,3583.62956795384,41.9079704284667,True
2018-01-13 22:30:00,357.26919555664,13.0060997009277,3600.0,43.6470298767089,True
2018-01-13 22:40:00,361.253814697265,12.1926002502441,3548.77392044316,42.7677192687988,True
2018-01-13 22:50:00,367.865203857421,12.5589799880981,3583.27588183876,40.3713417053222,True
2018-01-13 23:00:00,360.869812011718,12.7530603408813,3593.22744489318,39.1841392517089,True
2018-01-13 23:10:00,359.992095947265,13.4540901184082,3600.0,37.6765098571777,True
2018-01-13 23:20:00,359.206085205078,14.7382097244262,3600.0,35.0669898986816,True
2018-01-13 23:30:00,372.734985351562,14.2414503097534,3600.0,35.0302009582519,True
2018-01-13 23:40:00,379.55810546875,14.0689496994018,3600.0,34.6398391723632,True
2018-01-13 23:50:00,383.7080078125,14.5449495315551,3600.0,33.9610290527343,True
2018-01-14 00:00:00,390.611694335937,14.9113903045654,3600.0,34.1698608398437,True
2018-01-14 00:10:00,397.615814208984,16.8438205718994,3600.0,34.927318572998,True
2018-01-14 00:20:00,417.4453125,16.130220413208,3600.0,35.5670318603515,True
2018-01-14 00:30:00,884.418884277343,16.2872695922851,3600.0,34.9915199279785,True
2018-01-14 00:40:00,824.119201660156,15.2412996292114,3600.0,35.7442588806152,True
2018-01-14 00:50:00,794.039611816406,16.4513797760009,3600.0,34.7940292358398,True
2018-01-14 01:00:00,1217.88403320312,16.0803604125976,3600.0,34.0883102416992,True
2018-01-14 01:10:00,1284.39099121093,16.750539779663,3600.0,35.0236206054687,True
2018-01-14 01:20:00,1074.52404785156,15.5585298538208,3600.0,35.9680404663085,True
2018-01-14 01:30:00,712.566223144531,14.3506898880004,3600.0,35.2927703857421,True
2018-01-14 01:40:00,407.412200927734,14.5258302688598,3600.0,35.4132499694824,True
2018-01-14 01:50:00,473.298614501953,15.0580196380615,3600.0,34.6988906860351,True
2018-01-14 02:00:00,434.62368774414,14.7447299957275,3600.0,34.1755294799804,True
2018-01-14 02:10:00,769.184997558593,15.1647300720214,3600.0,35.1201591491699,True
2018-01-14 02:20:00,1222.27600097656,16.7761192321777,3600.0,35.4156417846679,True
2018-01-14 02:30:00,934.477600097656,15.5120601654052,3600.0,35.1131591796875,True
2018-01-14 02:40:00,848.723022460937,15.6918001174926,3600.0,34.2719001770019,True
2018-01-14 02:50:00,983.657104492187,15.9546003341674,3600.0,34.521369934082,True
2018-01-14 03:00:00,1241.89404296875,16.0805892944335,3600.0,34.2409896850585,True
2018-01-14 03:10:00,761.782470703125,14.677900314331,3600.0,34.7669105529785,True
2018-01-14 03:20:00,809.836181640625,15.8119401931762,3600.0,33.8153381347656,True
2018-01-14 03:30:00,789.679809570312,14.5779199600219,3600.0,36.8608283996582,True
2018-01-14 03:40:00,495.271392822265,12.8778600692749,3596.70364668443,37.747501373291,True
2018-01-14 03:50:00,761.885314941406,13.9681701660156,3600.0,38.2721290588378,True
2018-01-14 04:00:00,788.535217285156,13.5261898040771,3600.0,36.8366394042968,True
2018-01-14 04:10:00,794.236328125,14.783709526062,3600.0,31.4865608215332,True
2018-01-14 04:20:00,1020.68200683593,15.414810180664,3600.0,34.2835388183593,True
2018-01-14 04:30:00,555.554626464843,12.1872596740722,3548.1131106298,33.7735595703125,True
2018-01-14 04:40:00,1046.82897949218,15.7519197463989,3600.0,35.8266296386718,True
2018-01-14 04:50:00,987.766723632812,15.3673496246337,3600.0,35.6058807373046,True
2018-01-14 05:00:00,552.219970703125,14.065239906311,3600.0,43.7131881713867,True
2018-01-14 05:10:00,706.634399414062,14.9343299865722,3600.0,40.8025817871093,True
2018-01-14 05:20:00,602.684326171875,14.8800201416015,3600.0,39.9814910888671,True
2018-01-14 05:30:00,404.821197509765,14.5480403900146,3600.0,39.8817405700683,True
2018-01-14 05:40:00,460.986907958984,14.4045696258544,3600.0,40.58980178833,True
2018-01-14 05:50:00,414.019104003906,12.6697597503662,3589.64154309951,38.443489074707,True
2018-01-14 06:00:00,501.585784912109,14.8044300079345,3600.0,37.4798011779785,True
2018-01-14 06:10:00,518.395629882812,15.6011495590209,3600.0,37.580078125,True
2018-01-14 06:20:00,627.547729492187,14.5053100585937,3600.0,36.5446815490722,True
2018-01-14 06:30:00,493.616912841796,15.3757495880126,3600.0,38.2035293579101,True
2018-01-14 06:40:00,634.088012695312,16.3333892822265,3600.0,37.308738708496,True
2018-01-14 06:50:00,487.135589599609,15.5817003250122,3600.0,37.5162200927734,True
2018-01-14 07:00:00,437.757110595703,15.2569503784179,3600.0,38.9617881774902,True
2018-01-14 07:10:00,414.519409179687,14.851559638977,3600.0,39.3268890380859,True
2018-01-14 07:20:00,391.664306640625,14.6365499496459,3600.0,37.8094596862792,True
2018-01-14 07:30:00,386.225006103515,14.40452003479,3600.0,36.6081886291503,True
2018-01-14 07:40:00,372.730987548828,13.8546304702758,3600.0,37.532958984375,True
2018-01-14 07:50:00,270.498107910156,10.8865299224853,3230.89063293716,36.3454208374023,True
2018-01-14 08:00:00,373.133514404296,14.0608501434326,3600.0,27.7726593017578,True
2018-01-14 08:10:00,342.989196777343,12.9397602081298,3597.59503297045,29.350149154663,True
2018-01-14 08:20:00,312.308807373046,12.9260597229003,3597.44495912995,31.5925598144531,True
2018-01-14 08:30:00,274.645690917968,12.127459526062,3540.39387903615,31.2190704345703,True
2018-01-14 08:40:00,69.4329528808593,9.36560153961181,2381.83245170735,35.6330909729003,True
2018-01-14 08:50:00,0.0,8.40148162841796,1767.60080051424,29.1091995239257,True
2018-01-14 09:00:00,0.0,9.14452075958251,2237.54346657906,37.8587417602539,True
2018-01-14 09:10:00,0.0,8.18556976318359,1637.98764903987,34.9093704223632,True
2018-01-14 09:20:00,0.0,9.5781135559082,2500.61345390127,40.1147804260253,True
2018-01-14 09:30:00,0.0,8.1636209487915,1625.04132692589,36.9761199951171,True
2018-01-14 09:40:00,0.0,7.96202707290649,1508.32668163545,32.9673309326171,True
2018-01-14 09:50:00,0.0,8.79659080505371,2013.77808757743,36.1198616027832,True
2018-01-14 10:00:00,0.0,8.4825849533081,1817.26539817296,41.1670303344726,True
2018-01-14 10:10:00,0.0,8.31722354888916,1716.55034410805,34.0599899291992,True
2018-01-14 10:20:00,0.0,8.33540153503417,1727.51510200172,37.6059494018554,True
2018-01-14 10:30:00,0.0,8.99559020996093,2141.14846667878,40.4459609985351,True
2018-01-14 10:40:00,0.0,9.31309032440185,2347.46153984694,40.0015296936035,True
2018-01-14 10:50:00,0.0,9.2012186050415,2274.43177474804,40.0971908569335,True
2018-01-14 11:00:00,0.0,6.79081106185913,924.535166262966,34.4278602600097,True
2018-01-14 11:10:00,0.0,7.76433515548706,1398.06842242504,34.9683303833007,True
2018-01-14 11:20:00,0.0,8.35386657714843,1738.68092920115,42.64208984375,True
2018-01-14 11:30:00,0.0,8.12233352661132,1600.81092552575,35.1544609069824,True
2018-01-14 11:40:00,0.0,8.07415294647216,1572.74272451212,32.4882888793945,True
2018-01-14 11:50:00,0.0,9.10849094390869,2214.15266634087,37.2261581420898,True
2018-01-14 12:00:00,0.0,9.05975818634033,2182.58386887456,37.9996795654296,True
2018-01-14 12:10:00,0.0,9.14235496520996,2236.13626056852,41.7679214477539,True
2018-01-14 12:20:00,0.0,8.22517967224121,1661.46307417631,29.3114299774169,True
2018-01-14 12:30:00,0.0,8.49853515625,1827.09036556411,27.4899406433105,True
2018-01-14 12:40:00,0.0,8.43370342254638,1787.2724396018,33.4502487182617,True
2018-01-14 12:50:00,0.0,8.86438941955566,2056.96236680899,32.7756614685058,True
2018-01-14 13:00:00,0.0,9.07863235473632,2194.80065783544,38.385871887207,True
2018-01-14 13:10:00,0.0,8.05898475646972,1563.95365334933,34.8027000427246,True
2018-01-14 13:20:00,0.0,8.85028076171875,2047.95676759497,37.1831703186035,True
2018-01-14 13:30:00,0.0,8.9629487991333,2120.13340616539,40.5080604553222,True
2018-01-14 13:40:00,0.0,9.86348438262939,2704.25696242688,41.5456886291503,True
2018-01-14 13:50:00,0.0,9.20974922180175,2279.98973032644,41.9824600219726,True
2018-01-14 14:00:00,0.0,8.37043952941894,1748.72624014314,38.5225296020507,True
2018-01-14 14:10:00,0.0,8.02682590484619,1545.39604312744,29.5261001586914,True
2018-01-14 14:20:00,0.0,7.37786102294921,1195.59104297354,28.1435508728027,True
2018-01-14 14:30:00,0.0,8.33730506896972,1728.66487651095,42.2000083923339,True
2018-01-14 14:40:00,0.0,7.91165876388549,1479.82036396818,40.3007011413574,True
2018-01-14 14:50:00,0.0,7.55880880355834,1288.3819281315,38.6621017456054,True
2018-01-14 15:00:00,0.0,7.4953498840332,1255.57034716003,37.625431060791,True
2018-01-14 15:10:00,0.0,7.0982232093811,1060.82506066981,47.0463600158691,True
2018-01-14 15:20:00,0.0,7.516695022583,1266.57777386042,39.0728187561035,True
2018-01-14 15:30:00,0.0,6.70027494430541,886.586960371084,46.5681915283203,True
2018-01-14 15:40:00,0.0,6.55409479141235,827.313670986414,33.7028999328613,True
2018-01-14 15:50:00,0.0,6.69939804077148,886.224091241244,40.1951789855957,True
2018-01-14 16:00:00,0.0,7.35592699050903,1184.62144277688,38.9979591369628,True
2018-01-14 16:10:00,0.0,7.04765701293945,1037.58726179428,39.3050308227539,True
2018-01-14 16:20:00,0.0,7.06365823745727,1044.90465260368,43.5009803771972,True
2018-01-14 16:30:00,0.0,6.54707193374633,824.526977573332,45.4584808349609,True
2018-01-14 16:40:00,0.0,6.80078411102294,928.774492700346,47.8708801269531,True
2018-01-14 16:50:00,0.0,7.22716379165649,1121.61777046332,39.8878211975097,True
2018-01-14 17:00:00,0.0,6.85555791854858,952.269927235656,39.5852699279785,True
2018-01-14 17:10:00,0.0,8.59032344818115,1883.97837610837,39.3486213684082,True
2018-01-14 17:20:00,0.0,7.15761518478393,1088.5488468739,38.8070487976074,True
2018-01-14 17:30:00,0.0,8.29583740234375,1703.68589858381,41.7226295471191,True
2018-01-14 17:40:00,0.0,8.37505340576171,1751.52677130158,44.9650115966796,True
2018-01-14 17:50:00,0.0,8.77092170715332,1997.49069975591,40.7713508605957,True
2018-01-14 18:00:00,0.0,5.42044496536254,446.402934474945,47.3481903076171,True
2018-01-14 18:10:00,0.0,6.92775678634643,983.796273209068,47.8653106689453,True
2018-01-14 18:20:00,0.0,6.94057989120483,989.462748273393,45.6023483276367,True
2018-01-14 18:30:00,0.0,6.57577800750732,835.952583246822,44.2317581176757,True
2018-01-14 18:40:00,0.0,5.60235977172851,498.933209129136,51.1816711425781,True
2018-01-14 18:50:00,0.0,6.51448678970336,811.669236834378,49.2907905578613,True
2018-01-14 19:00:00,0.0,7.52503108978271,1270.87487697394,45.8418807983398,True
2018-01-14 19:10:00,0.0,6.28449392318725,724.241738861327,41.2179412841796,True
2018-01-14 19:20:00,0.0,6.17837905883789,685.836615394417,58.0923614501953,True
2018-01-14 19:30:00,0.0,5.27947187423706,407.741017521991,49.1054382324218,True
2018-01-14 19:40:00,0.0,5.70941019058227,531.306721776935,61.352611541748,True
2018-01-14 19:50:00,0.0,5.89565801620483,590.349595747748,61.9349899291992,True
2018-01-14 20:00:00,0.0,6.11727809906005,664.270339274329,63.3532104492187,True
2018-01-14 20:10:00,0.0,5.11996698379516,366.027624317486,67.241226196289,True
2018-01-14 20:20:00,0.0,6.08603620529174,653.397346140835,69.7591018676757,True
2018-01-14 20:30:00,0.0,5.80679082870483,561.737413394314,72.0659637451171,True
2018-01-14 20:40:00,0.0,5.82158994674682,566.445810372814,76.4803009033203,True
2018-01-14 20:50:00,0.0,5.13623905181884,370.187835063499,78.2701110839843,True
2018-01-14 21:00:00,0.0,5.40301084518432,441.52710552144,79.5445022583007,True
2018-01-14 21:10:00,0.0,6.15286684036254,676.783238992543,71.1093215942382,True
2018-01-14 21:20:00,0.0,5.8274188041687,568.306428061524,69.6504669189453,True
2018-01-14 21:30:00,0.0,6.34055185317993,745.019701484839,62.770881652832,True
2018-01-14 21:40:00,0.0,6.49810791015625,805.250985402919,62.2186203002929,True
2018-01-14 21:50:00,0.0,6.49723100662231,804.90820104124,59.1216888427734,True
2018-01-14 22:00:00,0.0,7.44170999526977,1227.92818857665,54.88862991333,True
2018-01-14 22:10:00,0.0,7.24179315567016,1128.65823893845,59.8161010742187,True
2018-01-14 22:20:00,0.0,7.76231098175048,1396.96271118042,58.498779296875,True
2018-01-14 22:30:00,0.0,6.89650821685791,970.072845211427,65.9362869262695,True
2018-01-14 22:40:00,0.0,7.41329288482666,1213.46088802411,64.1271820068359,True
2018-01-14 22:50:00,0.0,6.99473476409912,1013.62034392557,68.9923629760742,True
2018-01-14 23:00:00,0.0,6.1717882156372,683.491087933441,64.3748092651367,True
2018-01-14 23:10:00,0.0,7.47265195846557,1243.81974021376,64.1078262329101,True
2018-01-14 23:20:00,0.0,7.02226781845092,1026.04452151027,65.226692199707,True
2018-01-14 23:30:00,0.0,8.3743143081665,1751.07803904959,65.8343963623046,True
2018-01-14 23:40:00,0.0,7.5866060256958,1302.9025573174,66.0329208374023,True
2018-01-14 23:50:00,0.0,7.44702100753784,1230.64554340593,61.5401382446289,True
2018-01-15 00:00:00,0.0,6.96625804901123,1000.87143402897,64.9061889648437,True
2018-01-15 00:10:00,0.0,7.72492599487304,1376.62941923053,64.4104232788085,True
2018-01-15 00:20:00,0.0,7.61745977401733,1319.13782441113,68.2417221069335,True
2018-01-15 00:30:00,0.0,7.39862298965454,1206.03964155532,71.0635223388671,True
2018-01-15 00:40:00,0.0,7.69229316711425,1359.01958613865,72.4706268310546,True
2018-01-15 00:50:00,0.0,6.89704322814941,970.30679442034,67.8577194213867,True
2018-01-15 01:00:00,0.0,7.38873720169067,1201.0566115371,64.0824508666992,True
2018-01-15 01:10:00,0.0,8.22058200836181,1658.73091084698,70.1979598999023,True
2018-01-15 01:20:00,0.0,8.5292854309082,1846.08338495099,68.1499633789062,True
2018-01-15 01:30:00,0.0,7.66779422760009,1345.88553158425,68.8611907958984,True
2018-01-15 01:40:00,0.0,7.55660581588745,1287.23548977968,71.7205581665039,True
2018-01-15 01:50:00,0.0,7.14081001281738,1080.65662234718,70.8209762573242,True
2018-01-15 02:00:00,0.0,7.03644895553588,1032.48150065797,78.3394470214843,True
2018-01-15 02:10:00,0.0,7.61865377426147,1319.76857859984,74.9375534057617,True
2018-01-15 02:20:00,0.0,6.85771799087524,953.203908752595,77.2833633422851,True
2018-01-15 02:30:00,0.0,6.60082817077636,845.998895552046,74.3233184814453,True
2018-01-15 02:40:00,0.0,7.1677770614624,1093.33959418323,75.1857604980468,True
2018-01-15 02:50:00,0.0,6.40077781677246,767.722321268213,76.7217330932617,True
2018-01-15 03:00:00,0.0,7.11303186416625,1067.69381201029,74.632568359375,True
2018-01-15 03:10:00,0.0,6.05962419509887,644.286623073325,71.6937103271484,True
2018-01-15 03:20:00,0.0,6.41905117034912,774.68881114165,70.4340667724609,True
2018-01-15 03:30:00,0.0,6.38207101821899,760.62837548121,69.5313873291015,True
2018-01-15 03:40:00,0.0,5.80229091644287,560.310174806243,73.8363571166992,True
2018-01-15 03:50:00,0.0,6.96081018447875,998.444078952071,72.1650238037109,True
2018-01-15 04:00:00,0.0,6.31986999511718,737.31438230929,72.1932907104492,True
2018-01-15 04:10:00,0.0,6.46107816696166,790.850053032364,73.4305419921875,True
2018-01-15 04:20:00,0.0,6.70422077178955,888.22087652804,73.9996032714843,True
2018-01-15 04:30:00,0.0,6.41184377670288,771.936718600991,75.3837280273437,True
2018-01-15 04:40:00,0.0,6.41991806030273,775.020210216419,72.5487670898437,True
2018-01-15 04:50:00,0.0,5.80400800704956,560.854541893251,75.5471115112304,True
2018-01-15 05:00:00,0.0,5.49843502044677,468.549818418781,71.5576629638671,True
2018-01-15 05:10:00,0.0,5.07167911529541,353.805987280602,76.867446899414,True
2018-01-15 05:20:00,0.0,4.44911479949951,211.306000378059,78.3552474975585,True
2018-01-15 05:30:00,0.0,4.34017515182495,188.914736643292,83.4512405395507,True
2018-01-15 05:40:00,0.0,4.52226305007934,226.726963564717,85.7180480957031,True
2018-01-15 05:50:00,0.0,3.83978509902954,99.2922441731098,85.3052215576171,True
2018-01-15 06:00:00,0.0,4.61981391906738,247.80009760638,85.3419494628906,True
2018-01-15 06:10:00,0.0,4.1811408996582,157.385271621598,76.6924209594726,True
2018-01-15 06:20:00,0.0,4.20671081542968,162.366325872209,84.8112411499023,True
2018-01-15 06:30:00,0.0,3.99185299873352,126.441085647207,81.0700531005859,True
2018-01-15 07:50:00,0.0,3.71555995941162,79.8600031422247,127.371398925781,True
2018-01-15 08:00:00,0.0,3.60780405998229,65.003791945911,128.777206420898,True
2018-01-15 08:30:00,0.0,3.7792489528656,89.51428093507,143.69790649414,True
2018-01-15 08:50:00,0.0,3.87581992149353,105.391080278588,130.096893310546,True
2018-01-15 11:40:00,0.0,4.00891876220703,124.657664662808,147.176895141601,True
2018-01-15 11:50:00,0.0,3.7966239452362,92.2607430574544,144.043899536132,True
2018-01-15 16:00:00,0.0,3.8103768825531,94.4689155838178,185.146194458007,True
2018-01-15 16:10:00,4.39099788665771,4.09664678573608,141.154330195893,161.872299194335,True
2018-01-15 16:40:00,0.0,3.69161200523376,76.397757430158,160.281295776367,True
2018-01-15 16:50:00,0.0,3.83300495147705,98.1679383820883,185.270797729492,True
2018-01-15 17:00:00,13.6401395797729,4.18053102493286,157.26686686163,199.254501342773,True
2018-01-16 00:00:00,735.859375,12.1979799270629,3549.43485793484,202.411804199218,True
2018-01-16 00:10:00,966.777099609375,12.2106599807739,3550.97403693816,197.466903686523,True
2018-01-16 00:20:00,1274.19299316406,12.1984596252441,3549.49356342706,196.612503051757,True
2018-01-16 00:30:00,1331.80395507812,12.1217803955078,3539.63008202475,196.172805786132,True
2018-01-16 01:20:00,0.0,11.8807802200317,3502.18203268211,203.627899169921,True
2018-01-16 01:40:00,193.245193481445,13.3351898193359,3600.0,207.265502929687,True
2018-01-16 01:50:00,0.0,13.4900903701782,3600.0,207.655303955078,True
2018-01-16 02:00:00,0.0,12.152319908142,3543.67451867854,205.201400756835,True
2018-01-16 02:10:00,0.0,12.947790145874,3597.67055163492,202.552902221679,True
2018-01-16 02:20:00,0.0,13.1138896942138,3600.0,204.709396362304,True
2018-01-16 02:30:00,0.0,12.8169498443603,3595.28906599211,206.573196411132,True
2018-01-16 02:40:00,0.0,12.7185497283935,3591.86578532568,202.955703735351,True
2018-01-16 02:50:00,0.0,12.5452899932861,3582.36113032487,202.49949645996,True
2018-01-16 03:00:00,0.0,12.8715696334838,3596.58231819213,201.348205566406,True
2018-01-16 03:10:00,0.0,12.8090801239013,3595.06717770739,200.912796020507,True
2018-01-16 03:20:00,0.0,14.4179801940917,3600.0,204.102294921875,True
2018-01-16 03:30:00,0.0,14.5116100311279,3600.0,200.987701416015,True
2018-01-16 03:40:00,0.0,15.1097402572631,3600.0,201.773696899414,True
2018-01-16 03:50:00,0.0,14.6465301513671,3600.0,202.200103759765,True
2018-01-16 04:00:00,0.0,13.7692604064941,3600.0,203.133895874023,True
2018-01-16 04:10:00,0.0,14.5098695755004,3600.0,205.727996826171,True
2018-01-16 04:20:00,0.0,14.7546596527099,3600.0,206.627304077148,True
2018-01-16 04:30:00,0.0,14.421139717102,3600.0,205.197402954101,True
2018-01-16 04:40:00,0.0,14.3904104232788,3600.0,203.969497680664,True
2018-01-16 04:50:00,0.0,14.2978296279907,3600.0,202.942901611328,True
2018-01-16 05:00:00,0.0,14.4389295578002,3600.0,201.011505126953,True
2018-01-16 05:10:00,0.0,14.2506599426269,3600.0,200.691299438476,True
2018-01-16 05:20:00,0.0,14.8677997589111,3600.0,197.672500610351,True
2018-01-16 05:30:00,0.0,15.2878103256225,3600.0,197.73989868164,True
2018-01-16 05:40:00,0.0,15.9826202392578,3600.0,202.500595092773,True
2018-01-16 05:50:00,0.0,15.3867101669311,3600.0,200.60969543457,True
2018-01-16 06:00:00,0.0,14.7315101623535,3600.0,198.558197021484,True
2018-01-16 06:10:00,0.0,14.8657302856445,3600.0,201.764205932617,True
2018-01-16 06:20:00,0.0,14.7684001922607,3600.0,202.23240661621,True
2018-01-16 06:30:00,0.0,14.6150503158569,3600.0,202.926696777343,True
2018-01-16 06:40:00,0.0,14.8178396224975,3600.0,203.541900634765,True
2018-01-16 06:50:00,0.0,14.3767404556274,3600.0,197.591705322265,True
2018-01-16 07:00:00,0.0,14.9222602844238,3600.0,197.938293457031,True
2018-01-16 07:10:00,0.0,15.7012701034545,3600.0,196.661102294921,True
2018-01-16 07:20:00,0.0,16.3525009155273,3600.0,199.967300415039,True
2018-01-16 07:30:00,0.0,16.5515995025634,3600.0,199.900207519531,True
2018-01-16 07:40:00,0.0,15.7373399734497,3600.0,196.601196289062,True
2018-01-16 07:50:00,0.0,15.7038803100585,3600.0,195.908004760742,True
2018-01-16 08:00:00,0.0,15.5734300613403,3600.0,198.350402832031,True
2018-01-16 08:10:00,0.0,15.2074098587036,3600.0,198.07600402832,True
2018-01-16 08:20:00,0.0,14.9937200546264,3600.0,200.555297851562,True
2018-01-16 08:30:00,0.0,14.3399095535278,3600.0,200.884902954101,True
2018-01-16 08:40:00,0.0,14.9780597686767,3600.0,201.635803222656,True
2018-01-16 08:50:00,0.0,15.22004032135,3600.0,197.456405639648,True
2018-01-16 09:00:00,0.0,14.6842203140258,3600.0,197.472702026367,True
2018-01-16 09:10:00,0.0,14.288330078125,3600.0,201.740097045898,True
2018-01-16 09:20:00,0.0,14.5606498718261,3600.0,205.0498046875,True
2018-01-16 09:30:00,0.0,14.6394100189208,3600.0,207.808700561523,True
2018-01-16 09:40:00,0.0,14.7245502471923,3600.0,209.151397705078,True
2018-01-16 09:50:00,0.0,14.3815298080444,3600.0,204.561798095703,True
2018-01-16 10:00:00,0.0,14.2946996688842,3600.0,205.972595214843,True
2018-01-16 10:10:00,0.0,13.8163404464721,3600.0,203.727493286132,True
2018-01-16 10:20:00,0.0,13.3573198318481,3600.0,203.053604125976,True
2018-01-16 10:30:00,18.6360092163085,12.3642597198486,3567.56350458326,203.411499023437,True
2018-01-17 05:20:00,1761.26403808593,13.6291303634643,3600.0,204.528198242187,True
2018-01-17 05:30:00,0.0,14.1037197113037,3600.0,208.459396362304,True
2018-01-17 05:40:00,0.0,12.9179000854492,3597.34284657861,203.200805664062,True
2018-01-17 05:50:00,0.0,12.4023103713989,3571.09507468088,202.368301391601,True
2018-01-17 06:00:00,0.0,13.6467599868774,3600.0,209.279296875,True
2018-01-17 06:10:00,0.0,14.3907899856567,3600.0,211.189697265625,True
2018-01-17 06:20:00,0.0,14.2405500411987,3600.0,208.32730102539,True
2018-01-17 06:30:00,1506.251953125,13.510890007019,3600.0,203.195404052734,True
2018-01-18 10:50:00,314.73291015625,11.7485704421997,3477.32103030461,347.049407958984,True
2018-01-18 11:00:00,0.0,10.355110168457,2993.85258238126,343.444396972656,True
2018-01-18 11:10:00,0.0,10.7491102218627,3176.47662311287,343.754791259765,True
2018-01-18 11:20:00,0.0,11.0803899765014,3300.09280296705,347.588012695312,True
2018-01-18 11:30:00,0.0,8.14676761627197,1615.13107759753,345.771911621093,True
2018-01-18 11:40:00,0.0,9.62727260589599,2537.7000079032,347.984313964843,True
2018-01-18 12:50:00,0.0,5.67259311676025,520.047105079295,0.0,True
2018-01-18 13:00:00,0.0,7.41416883468627,1213.90503038567,0.0,True
2018-01-18 13:10:00,20.362470626831,5.75833702087402,546.477127357259,311.894409179687,True
2018-01-18 13:20:00,820.32177734375,10.1468896865844,2880.10353905956,313.12319946289,True
2018-01-18 13:40:00,0.0,8.84927654266357,2047.31614565669,327.243591308593,True
2018-01-18 13:50:00,0.0,8.86377143859863,2056.56770344734,333.146087646484,True
2018-01-18 14:00:00,0.0,9.08054447174072,2196.03902669344,329.529510498046,True
2018-01-18 14:10:00,0.0,8.79700469970703,2014.04099840233,332.436492919921,True
2018-01-18 14:20:00,0.0,7.0703911781311,1047.99357015137,331.029113769531,True
2018-01-18 14:30:00,0.0,7.07235097885131,1048.89378999153,323.893890380859,True
2018-01-18 14:40:00,0.0,8.07621383666992,1573.9386558886,325.208801269531,True
2018-01-18 14:50:00,0.0,8.40192127227783,1767.86866406577,319.596893310546,True
2018-01-18 15:00:00,668.874694824218,10.3563499450683,2994.49267622572,317.29360961914,True
2018-01-18 18:40:00,1262.44299316406,10.2167596817016,2919.67765451948,314.792602539062,True
2018-01-22 03:20:00,0.0,4.92156600952148,316.962175767662,116.701599121093,True
2018-01-22 21:40:00,630.113586425781,9.88767910003662,2720.26301602107,14.3303098678588,True
2018-01-22 21:50:00,0.0,8.96021461486816,2118.37511316451,16.119140625,True
2018-01-22 22:00:00,0.0,8.75400829315185,1986.77852844457,16.7270698547363,True
2018-01-22 22:10:00,0.0,8.92861366271972,2098.0766618926,13.245789527893,True
2018-01-22 22:20:00,0.0,8.7220401763916,1966.57521351883,16.7137107849121,True
2018-01-22 22:30:00,0.0,8.10025596618652,1587.92122260642,19.3872699737548,True
2018-01-22 22:40:00,0.0,8.65168952941894,1922.32572536744,15.3783102035522,True
2018-01-22 22:50:00,0.0,8.73900699615478,1977.29073792852,11.0657396316528,True
2018-01-22 23:00:00,0.0,7.90551280975341,1476.36089522829,17.2473106384277,True
2018-01-22 23:10:00,0.0,8.16013813018798,1622.99114057172,14.4426898956298,True
2018-01-22 23:20:00,0.0,8.22140026092529,1659.21701890714,16.2912502288818,True
2018-01-22 23:30:00,0.0,8.38118839263916,1755.25322292478,12.4711503982543,True
2018-01-22 23:40:00,0.0,8.00315189361572,1531.80218028888,16.7429790496826,True
2018-01-22 23:50:00,0.0,8.30552196502685,1709.50668765758,16.6650390625,True
2018-01-23 00:00:00,0.0,9.68226146697998,2578.17667449647,18.4932708740234,True
2018-01-23 00:10:00,360.962585449218,13.0491199493408,3600.0,18.755630493164,True
2018-01-23 00:20:00,331.209503173828,13.3354797363281,3600.0,18.4880294799804,True
2018-01-23 00:30:00,340.059295654296,14.2972803115844,3600.0,17.9937496185302,True
2018-01-23 00:40:00,358.344696044921,13.7460203170776,3600.0,17.806640625,True
2018-01-23 00:50:00,413.465911865234,14.5828304290771,3600.0,18.7045497894287,True
2018-01-23 01:00:00,756.322021484375,12.5420598983764,3582.14115828257,19.0534191131591,True
2018-01-23 01:10:00,926.447814941406,13.1988697052001,3600.0,18.9457702636718,True
2018-01-23 01:20:00,1257.24304199218,14.7348403930664,3600.0,17.7624206542968,True
2018-01-23 01:30:00,1090.69494628906,13.071660041809,3600.0,18.833360671997,True
2018-01-23 01:40:00,1268.16394042968,13.9810400009155,3600.0,17.8300704956054,True
2018-01-23 01:50:00,1445.63000488281,14.6004295349121,3600.0,17.7923107147216,True
2018-01-23 02:00:00,1246.25500488281,13.0334396362304,3600.0,18.5041007995605,True
2018-01-23 02:10:00,1611.93395996093,14.6309995651245,3600.0,17.8593006134033,True
2018-01-23 02:20:00,1519.74304199218,13.6587200164794,3600.0,17.039400100708,True
2018-01-23 02:30:00,1703.2939453125,14.6429996490478,3600.0,17.4283790588378,True
2018-01-23 02:40:00,1628.53198242187,13.9050798416137,3600.0,17.5814304351806,True
2018-01-23 02:50:00,1582.06201171875,13.3831796646118,3600.0,17.502269744873,True
2018-01-23 03:00:00,1602.22595214843,13.1128101348876,3600.0,17.6602096557617,True
2018-01-23 03:10:00,1623.57897949218,13.8948202133178,3600.0,17.1517505645751,True
2018-01-23 03:20:00,1645.00695800781,13.7957096099853,3600.0,17.1441001892089,True
2018-01-23 03:30:00,1557.42504882812,11.4958801269531,3420.80022938523,15.8532800674438,True
2018-01-23 03:40:00,1335.75305175781,11.5314502716064,3429.49514768058,13.9914798736572,True
2018-01-23 03:50:00,919.691711425781,10.8293600082397,3208.80745386382,12.1935195922851,True
2018-01-23 04:00:00,124.881401062011,8.68379402160644,1942.48206066745,11.8968296051025,True
2018-01-23 04:10:00,0.0,7.85123777389526,1445.99238835278,13.5303497314453,True
2018-01-23 04:20:00,0.0,7.83085012435913,1434.67073898527,11.0045900344848,True
2018-01-23 04:30:00,0.0,7.85985422134399,1450.79148199126,11.594630241394,True
2018-01-23 04:40:00,0.0,7.09462594985961,1059.16089220567,12.6519498825073,True
2018-01-23 04:50:00,0.0,7.96772384643554,1511.56796150956,14.6259803771972,True
2018-01-23 05:00:00,0.0,8.4565315246582,1801.2571951077,14.9718599319458,True
2018-01-23 05:10:00,0.0,7.92181921005249,1485.54860894492,16.3829593658447,True
2018-01-23 05:20:00,0.0,8.27254962921142,1689.72183578922,17.3810501098632,True
2018-01-23 05:30:00,0.0,7.62280893325805,1321.96504964512,25.555419921875,True
2018-01-23 05:40:00,0.0,7.78396797180175,1408.81814628866,23.3292808532714,True
2018-01-23 05:50:00,0.0,8.01678276062011,1539.62211512014,19.7489204406738,True
2018-01-23 06:00:00,0.0,8.96405887603759,2120.84736238423,24.6913795471191,True
2018-01-23 06:10:00,0.0,7.57486581802368,1296.75736705766,29.2523002624511,True
2018-01-23 06:20:00,0.0,7.32102298736572,1167.30960124355,26.5514602661132,True
2018-01-23 06:30:00,0.0,7.28021001815795,1147.28871487636,26.1190490722656,True
2018-01-23 06:40:00,0.0,7.51073694229125,1263.51222680365,28.1735591888427,True
2018-01-23 06:50:00,0.0,6.77464818954467,917.689768647932,26.6590404510498,True
2018-01-23 07:00:00,0.0,7.38744688034057,1200.40727871551,26.870319366455,True
2018-01-23 07:10:00,0.0,8.68585109710693,1943.77570450813,27.1648807525634,True
2018-01-23 07:20:00,0.0,8.06414318084716,1566.94007955476,29.4704895019531,True
2018-01-23 07:30:00,0.0,8.23845195770263,1669.36073661303,28.1963691711425,True
2018-01-23 07:40:00,0.0,8.26156044006347,1683.14863379735,30.7629108428955,True
2018-01-23 07:50:00,35.715518951416,8.41508865356445,1775.89819469713,31.2916107177734,True
2018-01-23 08:00:00,187.618103027343,10.9185695648193,3242.92739175305,22.4667797088623,True
2018-01-23 08:10:00,193.35530090332,10.2925796508789,2961.00601117831,24.509199142456,True
2018-01-23 08:20:00,172.922698974609,9.7607717514038,2634.15690710322,24.4146194458007,True
2018-01-23 08:30:00,261.980590820312,10.5749797821044,3100.79220826264,23.7484302520751,True
2018-01-23 08:40:00,155.7958984375,9.35851955413818,2377.19410354324,23.3566493988037,True
2018-01-23 08:50:00,121.010398864746,8.43222904205322,1786.37057511023,24.3038501739501,True
2018-01-23 09:00:00,151.622100830078,8.52264976501464,1841.97916711166,22.7741794586181,True
2018-01-23 09:10:00,263.114685058593,9.7986831665039,2660.44001266753,22.9170398712158,True
2018-01-23 09:20:00,269.465698242187,9.89809703826904,2727.09638236781,23.6632003784179,True
2018-01-23 09:30:00,146.92919921875,8.29679584503173,1704.26160416832,25.0993900299072,True
2018-01-23 09:40:00,175.74690246582,8.59385108947753,1886.17616663223,25.6650009155273,True
2018-01-23 09:50:00,206.819595336914,8.69769477844238,1951.22883314337,24.047679901123,True
2018-01-23 10:00:00,11.4660701751708,5.23081302642822,394.792761567768,25.5908107757568,True
2018-01-23 10:10:00,0.0,5.07171487808227,353.81497082607,26.7584209442138,True
2018-01-23 10:20:00,91.6740264892578,8.52394294738769,1842.77876867609,15.9293098449707,True
2018-01-23 10:30:00,151.334594726562,8.14893913269042,1616.40649069642,19.4518203735351,True
2018-01-23 10:40:00,205.846603393554,8.56748962402343,1869.77250485706,18.5785198211669,True
2018-01-23 10:50:00,5.4643530845642,6.91337776184082,977.466480794157,18.8703804016113,True
2018-01-23 11:00:00,11.1063299179077,7.38992595672607,1201.6550504807,14.2574796676635,True
2018-01-23 11:10:00,179.070693969726,8.59488677978515,1886.82157832327,12.340160369873,True
2018-01-23 11:20:00,249.047393798828,9.20865440368652,2279.27631409254,12.2039604187011,True
2018-01-23 11:30:00,285.799011230468,9.42768955230712,2422.53014652712,12.0467500686645,True
2018-01-23 11:40:00,272.699798583984,8.68530654907226,1943.43322695794,13.2429599761962,True
2018-01-23 11:50:00,320.362396240234,9.2457103729248,2303.44030566201,11.228099822998,True
2018-01-23 12:00:00,267.157287597656,8.67272663116455,1935.52644182327,14.2400102615356,True
2018-01-23 12:10:00,202.496307373046,7.9563570022583,1505.10402460075,19.3470001220703,True
2018-01-23 12:20:00,340.409301757812,8.93351459503173,2101.22184535132,20.5672492980957,True
2018-01-23 12:30:00,301.866394042968,8.32735157012939,1722.6560658396,23.314640045166,True
2018-01-23 12:40:00,243.318801879882,7.89266014099121,1469.13976714296,21.9738597869873,True
2018-01-23 12:50:00,349.315185546875,9.26482486724853,2315.91799955447,21.0527591705322,True
2018-01-23 13:00:00,240.053497314453,8.12932300567626,1604.90144597972,23.072919845581,True
2018-01-23 13:10:00,383.754791259765,9.68026161193847,2576.72306014568,22.1053104400634,True
2018-01-23 13:20:00,419.884613037109,9.88712978363037,2719.90172945873,26.4549598693847,True
2018-01-23 13:30:00,336.126403808593,8.47900867462158,1815.06503439744,25.1299705505371,True
2018-01-23 13:40:00,340.555114746093,8.78726387023925,2007.85592437558,26.4622993469238,True
2018-01-23 13:50:00,298.947509765625,8.06400966644287,1566.86274897078,28.547550201416,True
2018-01-23 14:00:00,309.944213867187,8.1800947189331,1634.75405964315,27.4116096496582,True
2018-01-23 14:10:00,409.492614746093,8.92230415344238,2094.02909861957,27.1777801513671,True
2018-01-23 14:20:00,467.788513183593,9.44717407226562,2435.31269641682,28.5717906951904,True
2018-01-23 14:30:00,388.260589599609,8.28607463836669,1697.82618318845,27.6763000488281,True
2018-01-23 14:40:00,328.168304443359,8.38947391510009,1760.29068404265,29.7092494964599,True
2018-01-23 14:50:00,240.596206665039,7.44249582290649,1228.32998471603,26.45871925354,True
2018-01-23 15:00:00,338.0703125,8.34522247314453,1733.45035416624,24.0053405761718,True
2018-01-23 15:10:00,357.772888183593,8.42412376403808,1781.41562300697,23.5849609375,True
2018-01-23 15:20:00,440.974914550781,8.98663997650146,2135.38179865759,23.542179107666,True
2018-01-23 15:30:00,435.666809082031,8.93618583679199,2102.93656836208,22.750389099121,True
2018-01-23 15:40:00,371.244995117187,8.47029685974121,1809.70887995458,22.5830898284912,True
2018-01-23 15:50:00,314.267913818359,7.68491601943969,1355.05679034121,24.2301998138427,True
2018-01-23 16:00:00,102.829696655273,6.42799186706542,778.110661421739,28.2556896209716,True
2018-01-23 16:10:00,0.0,6.46745491027832,793.319177373873,29.0559101104736,True
2018-01-23 16:20:00,274.614501953125,7.64093685150146,1331.5735235054,26.7710494995117,True
2018-01-23 16:30:00,352.457000732421,7.99770021438598,1528.6799794709,27.9567604064941,True
2018-01-23 16:40:00,371.73941040039,7.98017501831054,1518.66424284325,26.1997299194335,True
2018-01-23 16:50:00,388.75048828125,8.20776653289794,1651.1253588808,23.0599994659423,True
2018-01-23 17:00:00,336.581512451171,8.0542287826538,1561.20258524952,22.9574794769287,True
2018-01-23 17:10:00,295.278198242187,7.65851497650146,1340.9304393725,21.7911205291748,True
2018-01-23 17:20:00,318.232391357421,7.85369396209716,1447.35955185754,22.7313995361328,True
2018-01-23 17:30:00,198.98860168457,7.08461713790893,1054.53954253938,24.9845695495605,True
2018-01-23 17:40:00,302.170593261718,7.80627107620239,1421.0850308275,25.9766693115234,True
2018-01-23 17:50:00,152.800399780273,6.41222810745239,772.083329066145,25.9822196960449,True
2018-01-23 18:00:00,210.67430114746,6.92209386825561,981.30034689515,26.6361408233642,True
2018-01-23 18:10:00,338.853790283203,7.96156311035156,1508.06285389775,26.6808891296386,True
2018-01-23 18:20:00,448.997985839843,8.65271759033203,1922.9701945539,25.5891990661621,True
2018-01-23 18:30:00,487.1953125,8.80916309356689,2021.76818646441,25.8840503692626,True
2018-01-23 18:40:00,362.515197753906,7.71479082107543,1371.14615134187,26.9060592651367,True
2018-01-23 18:50:00,413.906707763671,8.02532482147216,1544.53239436451,26.7714099884033,True
2018-01-23 19:00:00,517.039672851562,8.93250846862792,2100.57607468664,27.7739295959472,True
2018-01-23 19:10:00,563.60888671875,8.80669498443603,2020.1989676307,26.7794799804687,True
2018-01-23 19:20:00,698.687377929687,9.42684364318847,2421.97530473956,27.1741008758544,True
2018-01-23 19:30:00,772.543029785156,10.0518703460693,2823.93409330071,28.086009979248,True
2018-01-23 19:40:00,660.190673828125,9.44023418426513,2430.75935878519,28.8698501586914,True
2018-01-23 19:50:00,785.366577148437,10.0294599533081,2810.28375780181,28.0434207916259,True
2018-01-23 20:00:00,723.63427734375,9.80108737945556,2662.0905540621,27.9496097564697,True
2018-01-23 20:10:00,824.304870605468,10.3873901367187,3010.37880045145,27.8680400848388,True
2018-01-23 20:20:00,775.194091796875,10.2846403121948,2956.75608446169,28.0909690856933,True
2018-01-23 20:30:00,577.198974609375,8.69956684112548,1952.40767105981,33.3779602050781,True
2018-01-23 20:40:00,534.490112304687,8.64382553100585,1917.39813768683,33.4317283630371,True
2018-01-23 20:50:00,633.010681152343,9.34467220306396,2368.1272701934,32.5856018066406,True
2018-01-23 21:00:00,539.300476074218,8.562912940979,1866.92938099435,32.6596488952636,True
2018-01-23 21:10:00,849.400329589843,10.1403503417968,2876.3254053948,34.1865997314453,True
2018-01-23 21:20:00,803.519714355468,9.37858390808105,2390.33740339406,32.3554611206054,True
2018-01-23 21:30:00,633.208923339843,8.70477867126464,1955.69065268873,32.3210296630859,True
2018-01-23 21:40:00,595.684387207031,8.35916423797607,1741.88956773048,33.3318290710449,True
2018-01-23 21:50:00,518.3076171875,8.11302852630615,1595.37256469854,31.768440246582,True
2018-01-23 22:00:00,632.474487304687,8.75986194610595,1990.48417174084,32.8297080993652,True
2018-01-23 22:10:00,628.722778320312,8.77611637115478,2000.78391201669,33.0503387451171,True
2018-01-23 22:20:00,488.480712890625,7.7799367904663,1406.60719798062,32.1112899780273,True
2018-01-23 22:30:00,731.173828125,9.1736192703247,2256.46369771133,32.6204299926757,True
2018-01-23 22:40:00,838.256103515625,9.43118953704833,2424.82592351175,31.6317806243896,True
2018-01-23 22:50:00,669.626403808593,8.55506134033203,1862.05513508027,26.1836204528808,True
2018-01-23 23:00:00,503.593505859375,7.87082910537719,1456.91629113141,26.6082096099853,True
2018-01-23 23:10:00,966.931213378906,10.0196695327758,2804.27144708339,26.197919845581,True
2018-01-23 23:20:00,808.718017578125,9.52660274505615,2460.8252002132,26.2977695465087,True
2018-01-23 23:30:00,752.469177246093,9.16701507568359,2252.16736168179,26.7817401885986,True
2018-01-23 23:40:00,861.844116210937,9.53034400939941,2463.74733262389,26.2579803466796,True
2018-01-23 23:50:00,721.272094726562,8.47133922576904,1810.34944765072,26.8295402526855,True
2018-01-24 00:00:00,802.475280761718,8.97261428833007,2126.35159733819,26.8401699066162,True
2018-01-24 00:10:00,893.031311035156,9.07787609100341,2194.31090431509,26.7779903411865,True
2018-01-24 00:20:00,1141.15905761718,10.2191095352172,2920.98358640321,27.0370998382568,True
2018-01-24 00:30:00,981.346130371093,9.45510864257812,2440.51932669609,28.0406799316406,True
2018-01-24 00:40:00,1009.81701660156,9.29978466033935,2338.76077036094,25.9002609252929,True
2018-01-24 00:50:00,884.019226074218,9.66652297973632,2566.69949477875,26.4694309234619,True
2018-01-24 01:00:00,0.0,9.16872215270996,2253.27777296274,32.1967506408691,True
2018-01-24 01:10:00,0.0,8.31889152526855,1717.55530216628,29.5102596282958,True
2018-01-24 01:20:00,0.0,8.13870429992675,1610.39909828238,29.457139968872,True
2018-01-24 01:30:00,0.0,7.38186120986938,1197.59921644087,24.4573593139648,True
2018-01-24 01:40:00,0.0,7.1418490409851,1081.1434844852,24.1265106201171,True
2018-01-24 01:50:00,0.0,7.44168996810913,1227.91794984611,21.8302097320556,True
2018-01-24 02:00:00,0.0,7.77460193634033,1403.68418598706,20.1931495666503,True
2018-01-24 02:10:00,0.0,8.06457042694091,1567.1875493894,22.2722702026367,True
2018-01-24 02:20:00,0.0,7.99549722671508,1527.41919623029,22.4332599639892,True
2018-01-24 02:30:00,0.0,8.22618675231933,1662.0617849137,25.5354099273681,True
2018-01-24 02:40:00,0.0,8.99109077453613,2138.24905779996,26.883430480957,True
2018-01-24 02:50:00,0.0,8.34066867828369,1730.69729701032,28.6911697387695,True
2018-01-24 03:00:00,0.0,9.36453914642333,2381.13658337197,27.2192401885986,True
2018-01-24 03:10:00,217.568298339843,9.70313930511474,2593.2694024755,29.3891792297363,True
2018-01-24 03:20:00,0.0,9.17793369293212,2259.27111209085,28.4191398620605,True
2018-01-24 03:30:00,0.0,9.69645977020263,2588.45708258769,34.0411186218261,True
2018-01-24 03:40:00,0.0,9.66735458374023,2567.30808919248,27.2804203033447,True
2018-01-24 03:50:00,0.0,9.49782085418701,2468.55785424986,26.86323928833,True
2018-01-24 04:00:00,91.6498870849609,9.94071388244628,2754.6851764261,28.4211902618408,True
2018-01-24 04:10:00,1.35959994792938,10.0114498138427,2799.20064948408,24.3016891479492,True
2018-01-24 04:20:00,0.0,8.8663682937622,2058.22626724226,27.3048191070556,True
2018-01-24 04:30:00,0.0,9.15191745758056,2242.35049027078,28.0863990783691,True
2018-01-24 04:40:00,0.0,9.0782880783081,2194.57770324674,23.9822597503662,True
2018-01-24 04:50:00,0.0,9.20424270629882,2276.40184465552,23.2677593231201,True
2018-01-24 05:00:00,0.0,9.3525161743164,2373.26285751463,25.6904697418212,True
2018-01-24 05:10:00,0.0,9.44371032714843,2433.04002488671,27.4129695892333,True
2018-01-24 05:20:00,0.0,9.24344635009765,2301.96295976474,29.2136192321777,True
2018-01-24 05:30:00,0.0,10.3461198806762,2989.19802370894,27.6039199829101,True
2018-01-24 05:40:00,0.0,9.43661212921142,2428.38311311097,30.2320194244384,True
2018-01-24 05:50:00,0.0,9.82372283935546,2677.53589596416,31.6428909301757,True
2018-01-24 06:00:00,183.951507568359,10.6258897781372,3123.72009427491,29.8219108581542,True
2018-01-24 06:10:00,0.0,9.88589191436767,2719.08722090713,31.4454898834228,True
2018-01-24 06:20:00,0.0,9.7310733795166,2613.22875508032,30.7003803253173,True
2018-01-24 06:30:00,0.0,8.80933284759521,2021.87612743679,27.3082103729248,True
2018-01-24 06:40:00,0.0,8.86226844787597,2055.60792085893,30.2987594604492,True
2018-01-24 06:50:00,0.0,8.1890115737915,1640.0218144755,39.8387718200683,True
2018-01-24 07:00:00,0.0,10.1374998092651,2874.67448639275,23.2947006225585,True
2018-01-24 07:10:00,0.0,9.56850814819335,2493.26642344629,26.7639999389648,True
2018-01-24 07:20:00,0.0,9.3486042022705,2370.7014838494,28.4936904907226,True
2018-01-24 07:30:00,0.0,9.19191455841064,2268.37215798232,29.8633193969726,True
2018-01-24 07:40:00,0.0,9.55949783325195,2486.34449037945,25.697769165039,True
2018-01-24 07:50:00,0.0,9.04095077514648,2170.42310925509,26.5679092407226,True
2018-01-24 08:00:00,0.0,9.74486541748046,2622.98511100466,27.855390548706,True
2018-01-24 08:10:00,0.0,9.51362991333007,2450.65327813802,22.8550300598144,True
2018-01-24 08:20:00,0.0,10.1290798187255,2869.78370020902,31.1316604614257,True
2018-01-24 08:30:00,0.0,9.20896434783935,2279.47827973634,27.4565696716308,True
2018-01-24 08:40:00,0.0,10.2243003845214,2923.86267961918,29.0469207763671,True
2018-01-24 08:50:00,0.0,10.2815103530883,2955.07565744729,39.5597686767578,True
2018-01-24 09:00:00,0.0,10.6934003829956,3153.09840436408,39.5785293579101,True
2018-01-24 09:10:00,0.0,10.4660902023315,3049.46542922689,37.2020301818847,True
2018-01-24 09:20:00,0.0,9.81623554229736,2672.44577565947,40.3970489501953,True
2018-01-24 09:30:00,0.0,8.19656753540039,1644.49132425651,45.4286994934082,True
2018-01-24 09:40:00,0.0,10.771240234375,3185.54960846875,35.7031707763671,True
2018-01-24 09:50:00,0.0,10.2225503921508,2922.89293003664,33.2882690429687,True
2018-01-24 10:00:00,0.0,10.1501598358154,2881.98807956704,35.9637107849121,True
2018-01-24 10:10:00,0.0,9.90150070190429,2729.32130434401,28.3251209259033,True
2018-01-24 10:20:00,0.0,9.85037040710449,2695.50143215246,30.6079406738281,True
2018-01-24 10:30:00,0.0,9.30855846405029,2344.49768520121,31.5580806732177,True
2018-01-24 10:40:00,0.0,9.55111217498779,2479.87619991442,32.9094810485839,True
2018-01-24 10:50:00,0.0,10.8173503875732,3204.06879404482,31.8354206085205,True
2018-01-24 11:00:00,0.0,10.2699604034423,2948.85033339452,28.1982307434082,True
2018-01-24 11:10:00,0.0,9.82175636291503,2676.20081843725,39.5304794311523,True
2018-01-24 11:20:00,0.0,9.63161754608154,2540.93678469889,30.8393402099609,True
2018-01-24 11:30:00,0.0,9.7932424545288,2656.69772378883,29.1685009002685,True
2018-01-24 11:40:00,0.0,9.47032356262207,2450.50517861423,29.78782081604,True
2018-01-24 11:50:00,0.0,9.29473876953125,2335.46214377796,23.2333393096923,True
2018-01-24 12:00:00,0.0,9.95378017425537,2763.02732776104,23.1127109527587,True
2018-01-24 12:10:00,0.0,9.6454963684082,2551.23141698258,22.1421909332275,True
2018-01-24 12:20:00,0.0,9.68559455871582,2580.59628798643,21.3208599090576,True
2018-01-24 12:30:00,0.0,10.6611099243164,3139.19130615491,19.7860603332519,True
2018-01-24 12:40:00,0.0,9.13583946228027,2231.90374564113,24.0254592895507,True
2018-01-24 12:50:00,0.0,9.9806900024414,2780.03701941652,23.9108009338378,True
2018-01-24 13:00:00,0.0,10.3877401351928,3010.55639868545,37.5746383666992,True
2018-01-24 13:10:00,0.0,10.4523801803588,3042.7779782295,35.2499809265136,True
2018-01-24 13:20:00,0.0,10.8634700775146,3222.07715090318,41.1167907714843,True
2018-01-24 13:30:00,0.0,10.005539894104,2795.54174329475,38.3237991333007,True
2018-01-24 13:40:00,0.0,9.54247188568115,2473.18497370985,37.181541442871,True
2018-01-24 13:50:00,0.0,10.8602199554443,3220.82477699327,40.507999420166,True
2018-01-24 14:00:00,0.0,10.5831899642944,3104.53526583103,26.2701301574707,True
2018-01-24 14:10:00,0.0,11.0458297729492,3288.38416598562,24.2584991455078,True
2018-01-24 14:20:00,0.0,10.1163501739501,2862.34910084614,28.9134101867675,True
2018-01-24 14:30:00,0.0,9.56574153900146,2491.14415176297,27.2039699554443,True
2018-01-24 14:40:00,0.0,10.3823699951171,3007.82771177187,26.3994903564453,True
2018-01-24 14:50:00,0.0,11.1125202178955,3310.73932005357,28.0311794281005,True
2018-01-24 15:00:00,0.0,11.6822299957275,3463.64794083094,40.3428115844726,True
2018-01-24 15:10:00,0.0,10.807559967041,3200.17995108888,41.5527191162109,True
2018-01-24 15:20:00,0.0,11.0610904693603,3293.58733842795,46.0798797607421,True
2018-01-24 15:30:00,0.0,10.1546602249145,2884.57636300446,40.9702606201171,True
2018-01-24 15:40:00,0.0,9.81623172760009,2672.44317755645,44.3452911376953,True
2018-01-24 15:50:00,0.0,9.66874122619628,2568.32234351125,35.5110702514648,True
2018-01-24 16:00:00,0.0,9.80475807189941,2664.60683960582,47.2207794189453,True
2018-01-24 16:10:00,0.0,9.81652545928955,2672.64321734867,46.1589698791503,True
2018-01-24 16:20:00,0.0,10.6792697906494,3147.04497921393,43.9618797302246,True
2018-01-24 16:30:00,0.0,10.5197801589965,3075.16694873119,34.1530418395996,True
2018-01-24 16:40:00,0.0,8.96812152862548,2123.46073877024,36.17818069458,True
2018-01-24 16:50:00,0.0,10.0222301483154,2805.84680469471,28.1900596618652,True
2018-01-24 17:00:00,0.0,10.4154996871948,3024.53444741824,35.5889816284179,True
2018-01-24 17:10:00,0.0,12.3264904022216,3563.8329478135,38.7329597473144,True
2018-01-24 17:20:00,0.0,10.8781099319458,3227.68715080681,32.1640815734863,True
2018-01-24 17:30:00,0.0,11.4451103210449,3407.95818379912,29.145580291748,True
2018-01-24 17:40:00,0.0,10.1753196716308,2896.38065735052,30.4193096160888,True
2018-01-24 17:50:00,0.0,9.62811374664306,2538.32713709978,30.5967998504638,True
2018-01-24 18:00:00,0.0,9.76545333862304,2637.42871106384,28.4072895050048,True
2018-01-24 18:10:00,0.0,10.2292699813842,2926.61168279191,41.316551208496,True
2018-01-24 18:20:00,0.0,9.72862434387207,2611.48955594195,41.2442207336425,True
2018-01-24 18:30:00,0.0,11.1722402572631,3329.92425454292,40.2632217407226,True
2018-01-24 18:40:00,0.0,11.8071403503417,3488.72256179914,43.6105194091796,True
2018-01-24 18:50:00,0.0,10.6257600784301,3123.66253372013,40.0780906677246,True
2018-01-24 19:00:00,0.0,10.3274097442626,2979.43830840671,42.1389999389648,True
2018-01-24 19:10:00,0.0,9.52526569366455,2459.77965656466,42.3831100463867,True
2018-01-24 19:20:00,0.0,9.63425731658935,2542.90004660415,42.5284690856933,True
2018-01-24 19:30:00,0.0,9.04023838043212,2169.96273631936,42.087791442871,True
2018-01-24 19:40:00,0.0,9.73503684997558,2616.03910690219,43.5104789733886,True
2018-01-24 19:50:00,0.0,10.0927200317382,2848.41822928497,47.1132888793945,True
2018-01-24 20:00:00,0.0,8.83742523193359,2039.7596331002,38.8508911132812,True
2018-01-24 20:10:00,0.0,9.4642629623413,2446.5271999051,34.2068710327148,True
2018-01-24 20:20:00,0.0,10.2201795578002,2921.5777165499,33.8207817077636,True
2018-01-24 20:30:00,0.0,10.8038301467895,3198.69231669415,32.6781196594238,True
2018-01-24 20:40:00,0.0,11.5171604156494,3426.03180980682,46.4029083251953,True
2018-01-24 20:50:00,0.0,9.49435997009277,2466.28532911732,40.4111785888671,True
2018-01-24 21:00:00,0.0,10.3435297012329,2987.85279440492,35.2741889953613,True
2018-01-24 21:10:00,0.0,10.5583295822143,3093.14719015918,39.1127815246582,True
2018-01-24 21:20:00,0.0,9.00568103790283,2147.65389168718,38.1265983581542,True
2018-01-24 21:30:00,0.0,10.3521795272827,2992.33778669354,36.5946311950683,True
2018-01-24 21:40:00,0.0,9.60988426208496,2524.67986250267,36.4192810058593,True
2018-01-24 21:50:00,0.0,10.0942096710205,2849.30143583423,38.5540199279785,True
2018-01-24 22:00:00,0.0,10.09321975708,2848.71459153221,42.2422904968261,True
2018-01-24 22:10:00,0.0,9.95968627929687,2766.78023579094,37.53662109375,True
2018-01-24 22:20:00,0.0,9.4935712814331,2465.76746530772,31.6485691070556,True
2018-01-24 22:30:00,0.0,9.37800979614257,2389.96123651207,30.8760509490966,True
2018-01-24 22:40:00,0.0,10.3021097183227,2966.0836706446,34.6241798400878,True
2018-01-24 22:50:00,0.0,10.1728296279907,2894.96463407499,39.202709197998,True
2018-01-24 23:00:00,0.0,10.0406303405761,2817.10715243321,31.1014804840087,True
2018-01-24 23:10:00,0.0,10.3264398574829,2978.92969687101,34.2880897521972,True
2018-01-24 23:20:00,0.0,8.63050937652587,1909.06309664162,39.4661407470703,True
2018-01-24 23:30:00,0.0,10.0915298461914,2847.71208323779,36.8819999694824,True
2018-01-24 23:40:00,0.0,10.1811895370483,2899.71142309455,33.5321502685546,True
2018-01-24 23:50:00,0.0,10.0798501968383,2840.75954385962,32.1688995361328,True
2018-01-25 00:00:00,0.0,11.6355104446411,3453.52732029574,36.8984718322753,True
2018-01-25 00:10:00,0.0,10.4547595977783,3043.94226173884,37.7106399536132,True
2018-01-25 00:20:00,0.0,10.5410995483398,3085.15927361834,32.9462585449218,True
2018-01-25 00:30:00,0.0,10.7919301986694,3193.92341747975,37.0497398376464,True
2018-01-25 00:40:00,0.0,10.3116102218627,2971.11982272718,39.1445693969726,True
2018-01-25 00:50:00,0.0,10.6534795761108,3135.86639136874,35.9960594177246,True
2018-01-25 01:00:00,0.0,11.5626096725463,3436.90945638568,38.6883392333984,True
2018-01-25 01:10:00,0.0,10.8089504241943,3200.73366900815,39.8543891906738,True
2018-01-25 01:20:00,0.0,11.2187900543212,3344.34158490449,39.0647888183593,True
2018-01-25 01:30:00,0.0,10.9965496063232,3271.22241558049,38.3620491027832,True
2018-01-25 01:40:00,0.0,10.2261800765991,2924.90330546196,35.1565513610839,True
2018-01-25 01:50:00,0.0,11.2489500045776,3353.43514335425,37.5273895263671,True
2018-01-25 02:00:00,0.0,11.8900098800659,3503.80105252819,36.7096481323242,True
2018-01-25 02:10:00,0.0,11.2259101867675,3346.50583973325,24.116039276123,True
2018-01-25 02:20:00,0.0,10.5284099578857,3079.22621781543,34.1116218566894,True
2018-01-25 02:30:00,0.0,9.67978858947753,2576.37903649197,40.280101776123,True
2018-01-25 02:40:00,0.0,8.29368209838867,1702.39156260365,38.174690246582,True
2018-01-25 02:50:00,0.0,9.46402740478515,2446.37259521071,36.13618850708,True
2018-01-25 03:00:00,0.0,8.81276607513427,2024.05952573497,32.060791015625,True
2018-01-25 03:10:00,0.0,7.83756113052368,1438.39224521543,41.9893608093261,True
2018-01-25 03:20:00,0.0,8.7545576095581,1987.12619108157,49.6284408569335,True
2018-01-25 03:30:00,0.0,8.60843658447265,1895.27190587776,47.395881652832,True
2018-01-25 03:40:00,0.0,9.20430946350097,2276.44533684241,50.7997283935546,True
2018-01-25 03:50:00,0.0,8.44555473327636,1794.52777643712,48.955940246582,True
2018-01-25 04:00:00,0.0,7.84544515609741,1442.77081521767,45.3971405029296,True
2018-01-25 04:10:00,0.0,8.31337356567382,1714.23161348327,39.7973709106445,True
2018-01-25 04:20:00,0.0,8.10063362121582,1588.14131379929,33.4495506286621,True
2018-01-25 04:30:00,0.0,10.407859802246,3020.70866034027,41.7643318176269,True
2018-01-25 04:40:00,0.0,9.70124530792236,2591.90641881654,36.6374397277832,True
2018-01-25 04:50:00,0.0,10.8217000961303,3205.78909148189,37.0829696655273,True
2018-01-25 05:00:00,0.0,9.54078769683837,2471.8775601988,37.1239585876464,True
2018-01-25 05:10:00,0.0,11.0276899337768,3282.13107065883,35.1790618896484,True
2018-01-25 05:20:00,0.0,11.0471401214599,3288.83298824426,37.06734085083,True
2018-01-25 05:30:00,0.0,11.2453203201293,3352.35098012438,35.977180480957,True
2018-01-25 05:40:00,0.0,10.3805704116821,3006.91151256044,31.3361701965332,True
2018-01-25 05:50:00,0.0,10.8183603286743,3204.46863076465,33.7476692199707,True
2018-01-25 06:00:00,0.0,10.3145599365234,2972.67822694029,40.6558189392089,True
2018-01-25 06:10:00,0.0,9.31561279296875,2349.11142230945,47.3547286987304,True
2018-01-25 06:20:00,0.0,10.2963695526123,2963.02839057269,46.1001205444335,True
2018-01-25 06:30:00,0.0,9.04083728790283,2170.34976878819,46.8607215881347,True
2018-01-25 06:40:00,0.0,8.97866439819335,2130.2458608331,45.1738014221191,True
2018-01-25 06:50:00,0.0,9.68390941619873,2579.37346180662,41.2681999206542,True
2018-01-25 07:00:00,0.0,9.08889293670654,2201.44733677369,40.2995796203613,True
2018-01-25 07:10:00,0.0,9.96140193939208,2767.86833853749,36.5931816101074,True
2018-01-25 07:20:00,0.0,10.2013101577758,2911.05127209091,30.5350399017333,True
2018-01-25 07:30:00,0.0,9.72397232055664,2608.180251472,32.464298248291,True
2018-01-25 07:40:00,0.0,9.87541770935058,2712.17532351981,33.1087188720703,True
2018-01-25 07:50:00,0.0,10.6164798736572,3119.53275538981,32.7548904418945,True
2018-01-25 08:00:00,0.0,10.8939599990844,3233.70354715425,35.0141983032226,True
2018-01-25 08:10:00,0.0,11.3526802062988,3383.25182918766,39.7412681579589,True
2018-01-25 08:20:00,0.0,9.57037830352783,2494.69946819293,30.7720298767089,True
2018-01-25 08:30:00,0.0,8.67859554290771,1939.21400345722,31.8885192871093,True
2018-01-25 08:40:00,0.0,10.9105596542358,3239.94085600458,35.2392692565917,True
2018-01-25 08:50:00,0.0,10.9265098571777,3245.87312580245,35.2624702453613,True
2018-01-25 09:00:00,0.0,10.6582098007202,3137.9293265722,36.091381072998,True
2018-01-25 09:10:00,0.0,10.7626104354858,3182.0258642974,38.475830078125,True
2018-01-25 09:20:00,0.0,10.9106502532958,3239.97472055647,32.0934104919433,True
2018-01-25 09:30:00,0.0,9.19714927673339,2271.78117686796,31.059700012207,True
2018-01-25 09:40:00,0.0,9.28387546539306,2328.36236426839,35.8528213500976,True
2018-01-25 09:50:00,0.0,9.18559646606445,2264.25862319974,38.4900512695312,True
2018-01-25 10:00:00,0.0,9.12610721588134,2225.58409313998,29.7921504974365,True
2018-01-25 10:10:00,0.0,8.73474502563476,1974.59751044714,30.4247303009033,True
2018-01-25 10:20:00,0.0,9.38337707519531,2393.47816119596,31.3111991882324,True
2018-01-25 10:30:00,0.0,9.9557466506958,2764.2781142319,34.9357299804687,True
2018-01-25 10:40:00,0.0,8.94275474548339,2107.15461644805,33.6991004943847,True
2018-01-25 10:50:00,0.0,10.1784696578979,2898.16933842736,29.0065593719482,True
2018-01-25 11:00:00,0.0,9.66972637176513,2569.04251820817,33.1451606750488,True
2018-01-25 11:10:00,0.0,9.19193744659423,2268.38706186548,32.068790435791,True
2018-01-25 11:20:00,0.0,8.50647544860839,1831.98826198821,33.6019897460937,True
2018-01-25 11:30:00,0.0,9.01404953002929,2153.05201376024,25.9373798370361,True
2018-01-25 11:40:00,0.0,10.0949602127075,2849.74617586683,32.3072204589843,True
2018-01-25 11:50:00,0.0,8.33736515045166,1728.70117185274,33.4550399780273,True
2018-01-25 12:00:00,0.0,8.73814487457275,1976.74586217281,31.9106998443603,True
2018-01-25 12:10:00,0.0,9.24086761474609,2300.28040661214,35.9808006286621,True
2018-01-25 12:20:00,0.0,9.14502143859863,2237.86879895675,28.6490993499755,True
2018-01-25 12:30:00,0.0,10.0629501342773,2830.62558731539,28.6665000915527,True
2018-01-25 12:40:00,0.0,9.74934864044189,2626.14257494001,29.9559593200683,True
2018-01-25 12:50:00,0.0,9.35339164733886,2373.83611239465,28.6772499084472,True
2018-01-25 13:00:00,0.0,9.10743618011474,2213.4685385155,32.8806800842285,True
2018-01-25 13:10:00,0.0,9.17296123504638,2256.03555830693,37.7106399536132,True
2018-01-25 13:20:00,0.0,8.82939052581787,2034.64064573335,31.1034507751464,True
2018-01-25 13:30:00,0.0,10.1248703002929,2867.33058730329,32.8726081848144,True
2018-01-25 13:40:00,0.0,10.1701002120971,2893.41037163203,37.5231895446777,True
2018-01-25 13:50:00,0.0,10.0914297103881,2847.65265223813,34.9374504089355,True
2018-01-25 14:00:00,0.0,10.1054801940917,2855.96186553222,33.1215209960937,True
2018-01-25 14:10:00,0.0,9.68456554412841,2579.84969882394,32.7985687255859,True
2018-01-25 14:20:00,0.0,10.2682399749755,2947.919754922,34.6403884887695,True
2018-01-25 14:30:00,0.0,9.09931945800781,2208.2052093957,31.415470123291,True
2018-01-25 14:40:00,0.0,10.4916400909423,3061.79263773489,35.4172782897949,True
2018-01-25 14:50:00,0.0,8.96277618408203,2120.02239188889,38.0767593383789,True
2018-01-25 15:00:00,0.0,9.26841354370117,2318.26159362975,36.4864616394042,True
2018-01-25 15:10:00,0.0,8.93184185028076,2100.14823807189,39.9202804565429,True
2018-01-25 15:20:00,0.0,9.80234146118164,2662.95074130204,36.4336700439453,True
2018-01-25 15:30:00,0.0,9.18571376800537,2264.33498506327,37.1387100219726,True
2018-01-25 15:40:00,0.0,9.02167415618896,2157.97268788325,36.798728942871,True
2018-01-25 15:50:00,0.0,8.84316635131835,2043.41934988001,36.9990196228027,True
2018-01-25 16:00:00,0.0,8.7442512512207,1980.60610431801,37.1696510314941,True
2018-01-25 16:10:00,0.0,8.94457530975341,2108.32397708278,36.4721603393554,True
2018-01-25 16:20:00,0.0,8.27946090698242,1693.86118787545,35.4612998962402,True
2018-01-25 16:30:00,0.0,8.83889865875244,2040.69872135135,33.5995407104492,True
2018-01-25 16:40:00,0.0,8.60426139831542,1892.66677285331,34.2027511596679,True
2018-01-25 16:50:00,0.0,7.41450023651123,1214.07309452411,34.7583312988281,True
2018-01-25 17:00:00,0.0,8.68969440460205,1946.19334651144,31.8293991088867,True
2018-01-25 17:10:00,0.0,9.90456867218017,2731.32357863548,33.2531089782714,True
2018-01-25 17:20:00,0.0,8.44366741180419,1793.37165137771,36.7166213989257,True
2018-01-25 17:30:00,0.0,9.19007492065429,2267.17430592935,37.2373390197753,True
2018-01-25 17:40:00,0.0,9.01311302185058,2152.4477794522,35.3913917541503,True
2018-01-25 17:50:00,0.0,8.11286926269531,1595.27955494936,46.2507514953613,True
2018-01-25 18:00:00,0.0,8.14186096191406,1612.25085921137,49.5366783142089,True
2018-01-25 18:10:00,0.0,8.00732040405273,1534.19158647846,37.2307510375976,True
2018-01-25 18:20:00,0.0,8.40795040130615,1771.54357947688,31.7314891815185,True
2018-01-25 18:30:00,0.0,6.80381202697753,930.063938402456,37.4182815551757,True
2018-01-25 18:40:00,0.0,7.27295398712158,1143.75399452877,34.8240089416503,True
2018-01-25 18:50:00,0.0,7.87803220748901,1460.94351812838,35.7346992492675,True
2018-01-25 19:00:00,0.0,8.19628238677978,1644.32255792328,31.3400592803955,True
2018-01-25 19:10:00,0.0,7.20530080795288,1111.15117227903,39.7720985412597,True
2018-01-25 19:20:00,0.0,8.84441184997558,2044.21351986099,47.2073783874511,True
2018-01-25 19:30:00,0.0,9.46158599853515,2444.77024840191,49.0910682678222,True
2018-01-25 19:40:00,0.0,9.89934539794921,2727.91285093122,49.1146812438964,True
2018-01-25 19:50:00,0.0,7.52030992507934,1268.4400463591,43.9032096862792,True
2018-01-25 20:00:00,0.0,8.84730243682861,2046.05694940044,51.8023490905761,True
2018-01-25 20:10:00,0.0,8.05144023895263,1559.59062382377,57.9366111755371,True
2018-01-25 20:20:00,0.0,8.47225856781005,1810.91447970418,61.8225402832031,True
2018-01-25 20:30:00,0.0,9.41483879089355,2414.10217708657,57.2613296508789,True
2018-01-25 20:40:00,0.0,9.02384567260742,2159.37452260362,58.9706687927246,True
2018-01-25 20:50:00,0.0,8.2291555404663,1663.82726238383,59.4363212585449,True
2018-01-25 21:00:00,0.0,9.0680284500122,2187.93544792091,56.5693702697753,True
2018-01-25 21:10:00,0.0,9.61440086364746,2528.0721004278,57.1615104675292,True
2018-01-25 21:20:00,0.0,9.48715114593505,2461.5521136359,51.699951171875,True
2018-01-25 21:30:00,0.0,8.69793224334716,1951.37835328981,45.8652305603027,True
2018-01-25 21:40:00,0.0,8.45734310150146,1801.75509821257,47.1756210327148,True
2018-01-25 21:50:00,0.0,7.09052419662475,1057.26540861623,47.8374710083007,True
2018-01-25 22:00:00,0.0,7.23745584487915,1126.56778664739,46.9434814453125,True
2018-01-25 22:10:00,0.0,7.45874118804931,1236.6572507139,45.2494506835937,True
2018-01-25 22:20:00,0.0,8.93958473205566,2105.11884120347,41.2269401550292,True
2018-01-25 22:30:00,0.0,8.17331218719482,1630.75210661284,43.0194511413574,True
2018-01-25 22:40:00,0.0,7.6004900932312,1310.1931088011,41.9704513549804,True
2018-01-25 22:50:00,0.0,8.82014846801757,2028.75651059041,44.7375183105468,True
2018-01-25 23:00:00,0.0,9.26891899108886,2318.59170098634,43.1664810180664,True
2018-01-25 23:10:00,0.0,8.54901313781738,1858.3033091543,38.7235794067382,True
2018-01-25 23:20:00,0.0,8.8782730102539,2065.83376548692,47.2877311706542,True
2018-01-25 23:30:00,0.0,8.31014347076416,1712.287182923,38.1503982543945,True
2018-01-25 23:40:00,0.0,8.65226936340332,1922.68920268078,32.7713508605957,True
2018-01-25 23:50:00,0.0,8.98927688598632,2137.08043101147,31.4614391326904,True
2018-01-26 00:00:00,0.0,8.55034732818603,1859.13071915032,34.420669555664,True
2018-01-26 00:10:00,0.0,8.04429244995117,1555.46231188593,35.0295791625976,True
2018-01-26 00:20:00,0.0,8.64641857147216,1919.02251128797,44.34859085083,True
2018-01-26 00:30:00,0.0,8.70548820495605,1956.13771866897,36.8671607971191,True
2018-01-26 00:40:00,0.0,8.77600479125976,2000.71315932105,40.4056510925292,True
2018-01-26 00:50:00,0.0,8.82834720611572,2033.97617730727,39.4388389587402,True
2018-01-26 01:00:00,0.0,7.83117294311523,1434.84963592653,38.9783210754394,True
2018-01-26 01:10:00,0.0,7.94170379638671,1496.79161819213,35.8337211608886,True
2018-01-26 01:20:00,0.0,8.65611457824707,1925.10016024341,35.1013107299804,True
2018-01-26 01:30:00,0.0,9.50104045867919,2440.7232623489,36.1813201904296,True
2018-01-26 01:40:00,0.0,10.1726999282836,2894.8908267979,41.251609802246,True
2018-01-26 01:50:00,0.0,8.0345115661621,1549.82159692175,40.7633209228515,True
2018-01-26 02:00:00,0.0,8.64254760742187,1916.59775574723,43.3328018188476,True
2018-01-26 02:10:00,0.0,8.53306484222412,1848.42236556649,37.346939086914,True
2018-01-26 02:20:00,0.0,8.35351753234863,1738.46960302255,45.0812911987304,True
2018-01-26 02:30:00,0.0,7.6537160873413,1338.37209510453,43.2062301635742,True
2018-01-26 02:40:00,92.6309814453125,6.36322402954101,753.51983318991,45.8675003051757,True
2018-01-26 03:00:00,11.5191497802734,8.38657569885253,1758.52799713915,47.5675010681152,True
2018-01-26 03:10:00,0.0,8.01681613922119,1539.6412877327,51.1701889038085,True
2018-01-26 03:20:00,0.0,7.52656984329223,1271.66910083781,47.1356887817382,True
2018-01-26 04:20:00,936.976684570312,9.96164226531982,2768.02068300541,53.1062698364257,True
2018-01-26 04:30:00,185.27180480957,10.2660503387451,2946.73414945104,55.3902893066406,True
2018-01-26 04:40:00,0.0,9.18704032897949,2265.19858393477,51.6112098693847,True
2018-01-26 04:50:00,959.140930175781,10.3593597412109,2996.04483654774,49.7176208496093,True
2018-01-26 05:10:00,0.0,9.3187551498413,2351.16693407315,51.790771484375,True
2018-01-26 05:20:00,0.0,8.46776390075683,1808.15262937268,44.7161788940429,True
2018-01-26 05:30:00,0.0,9.32013034820556,2352.06655440227,44.4069595336914,True
2018-01-26 05:40:00,0.0,9.17908000946044,2260.01711523295,47.5625991821289,True
2018-01-26 05:50:00,194.975601196289,9.68768215179443,2582.10979087953,51.3367118835449,True
2018-01-26 06:00:00,0.0,9.28518867492675,2329.2204851799,53.7111091613769,True
2018-01-26 06:10:00,1406.59399414062,10.3902797698974,3011.84405756939,52.6774291992187,True
2018-01-30 14:40:00,0.0,10.559700012207,3093.77917420038,0.0,True
2018-01-30 14:50:00,0.0,10.2527599334716,2939.50821618118,0.0,True
2018-01-30 15:00:00,0.0,10.150179862976,2881.99961108172,230.025695800781,True
2018-01-30 15:10:00,0.0,9.88001155853271,2715.21118760788,248.46060180664,True
2018-01-30 15:20:00,0.0,9.25318717956542,2308.32003649001,256.128509521484,True
2018-01-30 15:30:00,0.0,10.0234804153442,2806.61525993864,258.93521118164,True
2018-01-30 15:40:00,0.0,10.792140007019,3194.00779684701,259.697387695312,True
2018-01-30 15:50:00,0.0,11.2916097640991,3365.96916130264,245.483596801757,True
2018-01-30 16:00:00,0.0,12.1374197006225,3541.7205252289,236.451995849609,True
2018-01-30 16:10:00,0.0,12.6496000289916,3588.61960002246,245.291107177734,True
2018-01-30 16:20:00,0.0,12.567509651184,3583.83148994802,248.909194946289,True
2018-01-30 16:30:00,0.0,14.0754404067993,3600.0,253.510192871093,True
2018-01-30 16:50:00,0.0,13.8598098754882,3600.0,0.0,True
2018-01-30 17:00:00,0.0,13.2255802154541,3600.0,251.741806030273,True
2018-01-30 17:10:00,0.0,13.7333002090454,3600.0,250.348007202148,True
2018-01-30 17:20:00,0.0,13.8338499069213,3600.0,250.408996582031,True
2018-01-30 17:30:00,0.0,13.0806703567504,3600.0,247.256805419921,True
2018-01-30 17:40:00,0.0,12.8612003326416,3596.36989323453,245.952896118164,True
2018-01-30 17:50:00,0.0,12.3471603393554,3565.9024532262,243.382202148437,True
2018-01-30 18:00:00,0.0,11.7744398117065,3482.43371898651,240.595306396484,True
2018-01-30 18:10:00,0.0,10.9849004745483,3267.08474817506,240.779495239257,True
2018-01-30 18:20:00,0.0,11.361120223999,3385.57981881799,241.47329711914,True
2018-01-30 18:30:00,0.0,10.9553003311157,3256.4306074433,240.736999511718,True
2018-01-30 18:40:00,0.0,11.3304195404052,3377.04152200931,242.313705444335,True
2018-01-30 18:50:00,0.0,11.401720046997,3396.57529692563,243.98550415039,True
2018-01-30 19:00:00,0.0,11.4337997436523,3405.0274052904,248.639205932617,True
2018-01-30 19:10:00,0.0,11.4789495468139,3416.5744045982,251.477706909179,True
2018-01-30 19:20:00,0.0,10.8774404525756,3227.43171794723,250.178497314453,True
2018-01-30 19:30:00,0.0,10.53125,3080.55779040527,253.15559387207,True
2018-01-30 19:40:00,0.0,9.75000381469726,2626.60343288556,257.345611572265,True
2018-01-30 19:50:00,0.0,9.38304805755615,2393.26255854294,257.629791259765,True
2018-01-30 20:00:00,0.0,9.34985160827636,2371.51819689042,261.198211669921,True
2018-01-30 20:10:00,0.0,10.0056295394897,2795.59732547764,256.676086425781,True
2018-01-30 20:20:00,0.0,9.05799293518066,2181.44191724505,261.395294189453,True
2018-01-30 20:30:00,0.0,9.11171245574951,2216.24239083649,265.813598632812,True
2018-01-30 20:40:00,0.0,9.62408542633056,2535.3214811802,274.304412841796,True
2018-01-30 20:50:00,0.0,6.88550281524658,965.268197728659,275.504211425781,True
2018-01-30 21:00:00,0.0,5.86800098419189,581.35744094375,281.278686523437,True
2018-01-31 14:00:00,0.0,3.60943293571472,65.2145341935802,219.981292724609,True
2018-01-31 14:10:00,24.7898998260498,4.12954378128051,147.432665687062,199.446502685546,True
2018-01-31 16:50:00,0.0,3.58792901039123,62.4665700332889,256.729888916015,True
2018-01-31 17:00:00,20.587890625,3.65113711357116,70.7547508878606,249.101303100585,True
2018-01-31 17:50:00,31.0648593902587,4.12992191314697,147.505132219833,274.611999511718,True
2018-02-02 09:40:00,0.0,17.3360404968261,3600.0,197.844406127929,True
2018-02-02 09:50:00,0.0,17.669189453125,3600.0,197.097900390625,True
2018-02-04 16:10:00,20.9864692687988,3.71418595314025,79.6588765535171,340.104888916015,True
2018-02-04 16:20:00,14.5274400711059,4.55152702331542,232.986610976966,278.809509277343,True
2018-02-04 16:30:00,0.0,6.75172090530395,908.032448356432,250.417694091796,True
2018-02-04 16:40:00,0.0,4.29297494888305,179.417967583872,252.16909790039,True
2018-02-04 17:10:00,3.41914200782775,3.87822890281677,105.806205349557,320.471496582031,True
2018-02-04 22:10:00,67.963623046875,4.31361484527587,183.555924638524,73.8197937011718,True
2018-02-06 03:20:00,317.173309326171,9.56628227233886,2491.55916540355,73.354019165039,True
2018-02-06 03:30:00,0.0,10.5212202072143,3075.84569091322,74.0457763671875,True
2018-02-06 03:40:00,0.0,10.4680995941162,3050.441290346,76.4355773925781,True
2018-02-06 03:50:00,0.0,11.1010198593139,3306.95491668358,77.0001831054687,True
2018-02-06 04:00:00,1163.68505859375,9.80048084259033,2661.67433606565,65.1223678588867,True
2018-02-06 11:20:00,0.0,3.72149205207824,80.7318081634703,142.589294433593,True
2018-02-06 13:50:00,0.0,3.72587990760803,81.3802882649807,75.7426071166992,True
2018-02-06 16:50:00,1.95746099948883,5.69215106964111,526.011873124224,78.9797592163085,True
2018-02-07 01:40:00,11.9608001708984,3.68276000022888,75.1412174403276,194.260101318359,True
2018-02-09 06:50:00,0.0,6.99313402175903,1012.90098046533,203.489395141601,True
2018-02-09 07:00:00,0.0,6.11748218536376,664.341709490695,210.518295288085,True
2018-02-09 07:10:00,0.0,6.31906414031982,737.01508696128,218.571304321289,True
2018-02-09 07:20:00,0.0,6.28910493850708,725.938007304066,223.220901489257,True
2018-02-09 07:30:00,0.0,6.27513122558593,720.804505658072,211.63540649414,True
2018-02-09 07:40:00,0.0,6.55417680740356,827.34624786788,207.534805297851,True
2018-02-09 07:50:00,0.0,6.944757938385,991.31342598966,203.792602539062,True
2018-02-09 08:00:00,10.0438003540039,6.6695852279663,873.940242903109,205.472702026367,True
2018-02-09 11:50:00,17.6317501068115,3.89259409904479,108.300949221401,193.426895141601,True
2018-02-09 12:30:00,0.0,3.54541110992431,57.2510178238881,206.997299194335,True
2018-02-09 12:50:00,30.4423007965087,3.81224703788757,94.7715252569733,209.202194213867,True
2018-02-09 17:30:00,67.510398864746,4.07188177108764,136.461655633841,252.467697143554,True
2018-02-09 17:40:00,54.0535507202148,3.95608401298522,119.722419606403,252.027694702148,True
2018-02-09 17:50:00,19.4444198608398,3.61689209938049,66.1850161624216,248.522003173828,True
2018-02-09 22:40:00,0.0,3.64866590499877,70.4187054645918,77.5809173583984,True
2018-02-09 23:10:00,15.3087301254272,3.73001503944396,81.9942378873575,80.1842727661132,True
2018-02-10 00:50:00,58.4743614196777,4.48437595367431,218.699920565626,81.3458404541015,True
2018-02-10 09:40:00,28.90625,3.95158410072326,118.891675283089,161.557907104492,True
2018-02-10 11:50:00,0.0,3.50400209426879,52.4495158987884,96.3349075317382,True
2018-02-10 12:00:00,26.3945999145507,3.75117111206054,85.1781187534797,111.991096496582,True
2018-02-11 16:10:00,51.7951011657714,4.25869798660278,172.596104708854,330.541687011718,True
2018-02-11 20:50:00,3.74093198776245,3.93368291854858,115.618956784707,280.926696777343,True
2018-02-11 22:40:00,41.4912109375,3.87407302856445,105.090629655169,259.855102539062,True
2018-02-12 00:10:00,8.7178726196289,3.71426892280578,79.6710130566762,258.575408935546,True
2018-02-12 00:40:00,0.0,3.74663496017456,84.4894198259753,265.186798095703,True
2018-02-12 00:50:00,4.4952688217163,3.59698891639709,63.6153066287852,262.77700805664,True
2018-02-12 01:10:00,8.94152355194091,3.54498696327209,57.2004460356302,260.745513916015,True
2018-02-12 01:20:00,45.428409576416,3.87859606742858,105.869558133793,263.314392089843,True
2018-02-12 22:00:00,0.0,3.51828789710998,54.0750002507748,219.934494018554,True
2018-02-13 00:20:00,3.19739890098571,3.78163909912109,89.8892256738618,328.236907958984,True
2018-02-13 03:00:00,28.3339900970458,3.7699019908905,88.0567897546689,274.526092529296,True
2018-02-13 04:40:00,3.91133499145507,3.54157996177673,56.7952671767025,291.590911865234,True
2018-02-13 11:50:00,2.33373188972473,3.71186590194702,79.3199538506924,217.760299682617,True
2018-02-13 12:00:00,0.0,3.75726008415222,86.1077494968895,207.971603393554,True
2018-02-15 10:00:00,16.3467407226562,3.68004202842712,74.7579177438502,157.587997436523,True
2018-02-17 23:20:00,26.7022895812988,3.86655211448669,103.802673033283,82.8128967285156,True
2018-02-17 23:30:00,32.3369483947753,3.64232397079467,69.560773742025,79.1618881225585,True
2018-02-17 23:40:00,-0.888135373592376,3.59772396087646,63.7090814205148,90.6299133300781,True
2018-02-18 00:00:00,15.6719903945922,3.72637104988098,81.4530657646073,84.101448059082,True
2018-02-18 01:00:00,0.0,3.54156303405761,56.7932586784591,85.3034973144531,True
2018-02-18 01:40:00,3.06046104431152,3.56942510604858,60.16119950543,91.3067321777343,True
2018-02-18 02:20:00,0.0,3.61612296104431,66.0845350034988,115.707496643066,True
2018-02-18 02:50:00,28.813720703125,3.76924109458923,87.9542639552428,141.171096801757,True
2018-02-18 03:00:00,39.5341491699218,4.01300907135009,125.419077174376,147.834106445312,True
2018-02-18 20:00:00,28.1364307403564,3.59405589103698,63.2419806472435,76.8440017700195,True
2018-02-18 21:40:00,0.0,3.61457896232604,65.8831108691347,117.919403076171,True
2018-02-20 21:30:00,24.1281204223632,3.71876001358032,80.3295970043291,78.1269378662109,True
2018-02-21 13:30:00,0.0,3.82898497581481,97.5048064362099,77.0226135253906,True
2018-02-21 13:40:00,0.0,3.80083990097045,92.9344405899647,77.909309387207,True
2018-02-21 13:50:00,0.0,4.04276180267333,130.98005848436,82.0838623046875,True
2018-02-21 14:00:00,0.0,4.75040102005004,276.965916779395,86.332176208496,True
2018-02-21 14:10:00,0.0,4.92773723602294,318.443462029359,85.462059020996,True
2018-02-21 14:20:00,0.0,4.8673448562622,304.066899454297,83.2369537353515,True
2018-02-22 05:50:00,629.240173339843,7.85284519195556,1446.88703203065,198.33169555664,True
2018-02-22 06:00:00,0.0,8.65524196624755,1924.55295018104,202.464706420898,True
2018-02-22 06:10:00,0.0,5.78669595718383,555.379829702998,193.029296875,True
2018-02-22 06:20:00,0.0,5.09442806243896,359.54077090362,194.220092773437,True
2018-02-22 06:30:00,0.0,5.78935813903808,556.219733193211,189.983703613281,True
2018-02-22 06:40:00,0.0,6.49767684936523,805.082471715874,186.435104370117,True
2018-02-22 06:50:00,0.0,7.60991382598876,1315.15576973437,192.807296752929,True
2018-02-22 07:00:00,0.0,7.07345485687255,1049.401068456,188.753997802734,True
2018-02-22 07:10:00,0.0,5.66312789916992,517.173821422158,187.369705200195,True
2018-02-22 07:20:00,0.0,7.00934886932373,1020.2028730648,188.921005249023,True
2018-02-22 07:30:00,0.0,6.72246217727661,895.797927665735,191.630004882812,True
2018-02-22 07:40:00,0.0,8.11681175231933,1597.58268503044,192.221206665039,True
2018-02-22 07:50:00,0.0,8.40167808532714,1767.72049472124,190.581405639648,True
2018-02-22 08:00:00,0.0,8.33422660827636,1726.80557077931,192.921600341796,True
2018-02-22 08:10:00,0.0,7.90447902679443,1475.77940174294,194.218704223632,True
2018-02-22 08:20:00,0.0,7.74569177627563,1387.90293465502,200.478607177734,True
2018-02-22 08:30:00,0.0,8.5997896194458,1889.87784215745,195.991302490234,True
2018-02-22 08:40:00,0.0,7.69584083557128,1360.92769225585,192.211303710937,True
2018-02-22 08:50:00,0.0,7.62913513183593,1325.31340720518,194.452499389648,True
2018-02-22 09:00:00,0.0,7.83113288879394,1434.82743831466,197.275405883789,True
2018-02-22 09:10:00,0.0,8.19648838043212,1644.44447533166,206.073196411132,True
2018-02-22 09:20:00,0.0,6.782310962677,920.931291217156,210.498992919921,True
2018-02-22 09:30:00,0.0,7.22205781936645,1119.16746468489,213.642395019531,True
2018-02-22 09:40:00,0.0,9.77051544189453,2640.95812390387,215.057006835937,True
2018-02-22 09:50:00,0.0,9.2883825302124,2331.30767625089,217.586593627929,True
2018-02-22 10:00:00,0.0,8.25452804565429,1678.94771942044,217.874694824218,True
2018-02-22 10:10:00,0.0,10.4705696105957,3051.63935872344,218.829696655273,True
2018-02-22 10:20:00,0.0,10.9150695800781,3241.62425699201,215.922698974609,True
2018-02-22 10:30:00,0.0,9.34134483337402,2365.94911385696,217.284301757812,True
2018-02-22 10:40:00,0.0,9.27448368072509,2322.22637924559,220.2666015625,True
2018-02-22 10:50:00,0.0,9.26838207244873,2318.24103996823,219.68960571289,True
2018-02-22 11:00:00,0.0,9.96525764465332,2770.31028922634,222.679992675781,True
2018-02-22 11:10:00,0.0,9.95778465270996,2765.573097728,223.856506347656,True
2018-02-22 11:20:00,0.0,10.5667896270751,3097.04073483607,224.565597534179,True
2018-02-22 11:30:00,0.0,9.28507614135742,2329.1469482926,224.406692504882,True
2018-02-22 11:40:00,0.0,9.15093517303466,2241.71201958453,225.584197998046,True
2018-02-22 11:50:00,0.0,8.38764762878417,1759.17986438461,223.941696166992,True
2018-02-22 12:00:00,0.0,7.52435588836669,1270.52647385271,221.74560546875,True
2018-02-22 12:10:00,0.0,7.39260911941528,1203.00656690882,221.757400512695,True
2018-02-22 12:20:00,0.0,8.55043029785156,1859.18217756978,223.837295532226,True
2018-02-22 12:30:00,0.0,8.56018257141113,1865.2339004003,223.404602050781,True
2018-02-22 12:40:00,0.0,7.85520696640014,1448.20206078906,226.168899536132,True
2018-02-22 12:50:00,0.0,7.95026922225952,1501.647779554,225.070404052734,True
2018-02-22 13:00:00,0.0,7.33333396911621,1173.39555437032,225.693603515625,True
2018-02-22 13:10:00,0.0,6.26234197616577,716.124574115025,231.452896118164,True
2018-02-22 13:20:00,0.0,6.31088209152221,733.980241475654,243.250701904296,True
2018-02-22 13:30:00,0.0,7.94405508041381,1498.1238914508,249.520797729492,True
2018-02-22 13:40:00,0.0,7.09154415130615,1057.73653914121,241.945098876953,True
2018-02-22 13:50:00,0.0,6.44609117507934,785.064617077435,244.967193603515,True
2018-02-22 14:00:00,0.0,5.16415500640869,377.37463058096,250.154693603515,True
2018-02-22 14:10:00,0.0,4.36360692977905,193.674463547247,263.390411376953,True
2018-02-22 14:20:00,0.0,4.36453104019165,193.862802685071,245.69920349121,True
2018-02-22 14:30:00,29.6368999481201,3.76675701141357,87.5695295293845,260.183197021484,True
2018-02-22 16:20:00,36.2312889099121,3.95137190818786,118.852581677133,297.417510986328,True
2018-02-22 16:40:00,14.3308801651,3.64369392395019,69.7455549848382,294.117004394531,True
2018-02-23 06:00:00,449.659698486328,6.82922601699829,940.929759041867,60.6366691589355,True
2018-02-23 06:10:00,0.0,7.28953695297241,1151.84318425915,68.2287368774414,True
2018-02-23 06:20:00,0.0,8.25947570800781,1681.90283440061,72.300193786621,True
2018-02-23 06:30:00,0.0,9.11532497406005,2218.58615813949,66.7860107421875,True
2018-02-23 06:40:00,0.0,9.17297935485839,2256.04734748519,67.3530807495117,True
2018-02-23 06:50:00,0.0,7.86703395843505,1454.79678041367,63.7561607360839,True
2018-02-23 07:00:00,0.0,8.71722316741943,1963.53601327812,64.0388717651367,True
2018-02-23 07:10:00,0.0,8.38848781585693,1759.69086665154,65.8839492797851,True
2018-02-23 07:20:00,0.0,10.1512098312377,2882.59249876609,69.5847625732421,True
2018-02-23 07:30:00,0.0,10.4048099517822,3019.17691321769,70.9885711669921,True
2018-02-23 07:40:00,0.0,9.65400600433349,2557.51006670293,69.1849822998046,True
2018-02-23 07:50:00,0.0,9.74030399322509,2619.76556589613,70.4405517578125,True
2018-02-23 08:00:00,0.0,9.58375072479248,2504.90986804553,68.5742111206054,True
2018-02-23 08:10:00,0.0,8.92534065246582,2095.97679653376,66.577407836914,True
2018-02-23 08:20:00,0.0,7.8662691116333,1454.36982545401,60.3132400512695,True
2018-02-23 08:30:00,0.0,6.68625879287719,880.797639089631,58.479679107666,True
2018-02-23 08:40:00,0.0,8.24408435821533,1672.71702501182,62.5207786560058,True
2018-02-23 08:50:00,0.0,10.5156002044677,3073.19367460059,69.415412902832,True
2018-02-23 09:00:00,0.0,9.97726821899414,2777.88682642869,69.3308410644531,True
2018-02-23 09:10:00,0.0,8.01685047149658,1539.66100825382,59.5599517822265,True
2018-02-23 09:20:00,0.0,8.43342304229736,1787.10092090789,61.6378097534179,True
2018-02-23 09:30:00,0.0,8.74475765228271,1980.92632830632,63.3821296691894,True
2018-02-23 09:40:00,0.0,10.3921203613281,3012.77616701223,64.0716171264648,True
2018-02-23 09:50:00,0.0,9.33118152618408,2359.29728402439,64.6696701049804,True
2018-02-23 10:00:00,0.0,9.91826915740966,2740.22797146474,64.1924667358398,True
2018-02-23 10:10:00,0.0,10.1381902694702,2875.07459819196,67.5076904296875,True
2018-02-23 10:20:00,0.0,11.0268497467041,3281.83964132365,70.1341094970703,True
2018-02-23 10:30:00,0.0,11.4160299301147,3400.37114167719,69.6957626342773,True
2018-02-23 10:40:00,0.0,11.1864900588989,3334.38723965189,67.7885131835937,True
2018-02-23 10:50:00,0.0,10.6436004638671,3131.53953451202,65.584976196289,True
2018-02-23 11:00:00,0.0,10.6220397949218,3122.00963510059,66.1526565551757,True
2018-02-23 11:10:00,0.0,10.4319400787353,3032.71286980104,65.7346420288085,True
2018-02-23 11:20:00,0.0,10.3797397613525,3006.48831049432,65.606689453125,True
2018-02-23 11:30:00,0.0,10.7505598068237,3177.07462878757,64.3709716796875,True
2018-02-23 11:40:00,0.0,10.0161695480346,2802.11486035479,63.5697402954101,True
2018-02-23 11:50:00,0.0,11.2895202636718,3365.36413462029,65.4022064208984,True
2018-02-23 12:00:00,0.0,10.8421802520751,3213.82759691567,64.311897277832,True
2018-02-23 12:10:00,0.0,10.4089097976684,3021.2354135668,61.8238410949707,True
2018-02-23 12:20:00,0.0,10.7796401977539,3188.96194404845,59.4852485656738,True
2018-02-23 12:30:00,0.0,7.86278676986694,1452.42673553116,52.2840385437011,True
2018-02-23 12:40:00,0.0,8.44081020355224,1791.62191098949,58.2406997680664,True
2018-02-23 12:50:00,0.0,9.72193622589111,2606.72951047351,57.4726104736328,True
2018-02-23 13:00:00,0.0,9.19078159332275,2267.63443393164,55.3383102416992,True
2018-02-23 13:10:00,0.0,8.88203430175781,2068.23876540884,56.0964698791503,True
2018-02-23 13:20:00,0.0,9.38154983520507,2392.2808065368,56.4012908935546,True
2018-02-23 13:30:00,0.0,9.44200134277343,2431.91875790711,55.9359893798828,True
2018-02-23 13:40:00,0.0,9.06320285797119,2184.81257205518,57.781810760498,True
2018-02-23 13:50:00,0.0,9.12544727325439,2225.15566698835,63.7309417724609,True
2018-02-23 14:00:00,0.0,9.31952667236328,2351.67164023056,63.1864585876464,True
2018-02-23 14:10:00,0.0,9.31567955017089,2349.15508821166,62.6876792907714,True
2018-02-23 14:20:00,0.0,8.91463184356689,2089.1097097868,62.8288497924804,True
2018-02-24 05:30:00,5.98133420944213,3.62137389183044,66.7724056144552,118.37010192871,True
2018-02-24 05:40:00,33.6978111267089,4.01453113555908,125.702599565643,127.924697875976,True
2018-02-24 05:50:00,0.0,4.02212715148925,127.119088929317,143.917007446289,True
2018-02-24 06:00:00,0.0,4.71355199813842,268.621535385442,151.372894287109,True
2018-02-24 12:20:00,0.0,3.52105903625488,54.3940907011856,86.0378875732421,True
2018-02-25 01:20:00,1540.77294921875,10.6309204101562,3125.94934689105,40.156150817871,True
2018-02-25 01:30:00,1199.75500488281,10.0555601119995,2826.16667758449,39.4237518310546,True
2018-02-25 01:40:00,963.637023925781,9.55790138244628,2485.11501683197,38.6309394836425,True
2018-02-25 01:50:00,767.465026855468,9.18574333190917,2264.35423079724,38.8051109313964,True
2018-02-25 02:00:00,955.498718261718,10.0712203979492,2835.59570766941,39.4623908996582,True
2018-02-25 02:10:00,806.099914550781,9.55081844329833,2479.64917022385,38.7810096740722,True
2018-02-25 02:20:00,621.405212402343,8.90982913970947,2086.03163651102,38.8290290832519,True
2018-02-25 02:30:00,426.65640258789,7.96591806411743,1510.54015659051,39.353660583496,True
2018-02-25 02:40:00,482.13101196289,8.35511684417724,1739.43797396123,40.6421089172363,True
2018-02-25 02:50:00,550.097473144531,8.69528579711914,1949.71220363953,40.5656814575195,True
2018-02-25 03:00:00,683.75439453125,9.58423137664794,2505.27567560061,38.3330001831054,True
2018-02-25 03:10:00,651.3671875,9.75903224945068,2632.93934108104,38.2635192871093,True
2018-02-25 03:20:00,600.138977050781,10.1361904144287,2873.91531780607,37.9415397644042,True
2018-02-25 03:30:00,398.149108886718,8.96371269226074,2120.62470549167,37.5999488830566,True
2018-02-25 03:40:00,403.859588623046,9.12226963043212,2223.09297796641,43.6813812255859,True
2018-02-25 03:50:00,382.774505615234,9.36220932006835,2379.61061135228,44.3743896484375,True
2018-02-25 04:00:00,364.06689453125,9.06676864624023,2187.12008712046,44.370620727539,True
2018-02-25 04:10:00,310.462310791015,8.10759258270263,1592.1993699787,44.057861328125,True
2018-02-25 04:20:00,264.209808349609,7.09447479248046,1059.09100083607,44.6021003723144,True
2018-02-25 04:30:00,260.900299072265,6.86753511428833,957.455812209864,42.4245491027832,True
2018-02-25 04:40:00,273.073211669921,7.72662782669067,1377.55136021567,44.1703605651855,True
2018-02-25 04:50:00,284.403411865234,8.55006504058837,1858.95564577499,43.5944099426269,True
2018-02-25 05:00:00,270.742706298828,8.43731212615966,1789.48054806996,44.3695487976074,True
2018-02-25 05:10:00,262.647888183593,8.44750499725341,1795.72274094686,43.38623046875,True
2018-02-25 05:20:00,256.977294921875,8.68520641326904,1943.37025141595,44.3554306030273,True
2018-02-25 05:30:00,254.702102661132,9.14708518981933,2239.20986923909,43.9801216125488,True
2018-02-25 05:40:00,205.235107421875,8.19988822937011,1646.45723699427,44.2094192504882,True
2018-02-25 05:50:00,208.559906005859,8.75545024871826,1987.69117871562,44.3207283020019,True
2018-02-25 06:00:00,209.830795288085,9.22633743286132,2290.80295456681,44.3196105957031,True
2018-02-25 06:10:00,182.240798950195,9.0761547088623,2193.19621850045,44.0494384765625,True
2018-02-25 06:20:00,157.247604370117,9.00426006317138,2146.73756215208,44.9807891845703,True
2018-02-25 06:30:00,137.142807006835,9.20558166503906,2277.27419657326,44.0410995483398,True
2018-02-25 06:40:00,115.391296386718,8.22101974487304,1658.99095417882,43.3698005676269,True
2018-02-25 06:50:00,105.623001098632,8.24662971496582,1674.23469691816,42.3733596801757,True
2018-02-25 07:00:00,73.7011337280273,8.06493282318115,1567.39747112795,40.3452911376953,True
2018-02-25 07:10:00,48.4527511596679,7.67044687271118,1347.30402067245,37.0245208740234,True
2018-02-25 07:20:00,109.5166015625,8.30393505096435,1708.55234805143,37.8173103332519,True
2018-02-25 07:30:00,81.0000915527343,7.7318639755249,1380.3901681188,37.1007499694824,True
2018-02-25 07:40:00,61.8155517578125,7.678551197052,1351.64321629742,32.3351593017578,True
2018-02-25 07:50:00,78.3866271972656,8.24515056610107,1673.35268306657,31.8747291564941,True
2018-02-25 08:00:00,92.6990737915039,8.86662292480468,2058.38891306726,32.1533088684082,True
2018-02-25 08:10:00,143.266906738281,10.8700799942016,3224.61638978979,31.9678707122802,True
2018-02-25 08:20:00,158.25830078125,10.4329299926757,3033.20294895881,32.2537612915039,True
2018-02-25 08:30:00,209.037292480468,10.7135400772094,3161.63929291452,32.7031593322753,True
2018-02-25 08:40:00,189.912902832031,9.36551475524902,2381.77560718066,31.4992008209228,True
2018-02-25 08:50:00,132.123397827148,8.65402793884277,1923.79171906764,32.2700614929199,True
2018-02-25 09:00:00,92.9419326782226,7.95361185073852,1503.54501549622,32.9954185485839,True
2018-02-25 09:10:00,90.6250915527343,8.06858253479003,1569.51233451052,32.7964706420898,True
2018-02-25 09:20:00,41.84326171875,7.47407293319702,1244.55304850834,34.6980781555175,True
2018-02-25 09:30:00,17.3921108245849,6.79788303375244,927.540086647666,38.7763404846191,True
2018-02-25 09:40:00,0.0,5.19584894180297,385.610838957058,42.4463386535644,True
2018-02-25 09:50:00,0.0,5.7734842300415,551.222201381161,48.1564216613769,True
2018-02-25 10:00:00,0.0,5.22462320327758,393.159864418295,54.0818481445312,True
2018-02-25 10:10:00,0.0,5.1520037651062,374.23862451183,37.5366897583007,True
2018-02-25 10:20:00,67.5325012207031,7.23672103881835,1126.21389119444,38.3381309509277,True
2018-02-25 10:30:00,124.110702514648,7.16425418853759,1091.67718315854,40.8445091247558,True
2018-02-25 10:40:00,149.151306152343,7.26164007186889,1138.25728980162,43.4622917175292,True
2018-02-25 10:50:00,120.184600830078,6.91510295867919,978.224580969991,43.4953994750976,True
2018-02-25 11:00:00,128.444793701171,7.19200277328491,1104.81700015392,44.0438995361328,True
2018-02-25 11:10:00,152.44009399414,7.08510017395019,1054.76227231162,46.9128799438476,True
2018-02-25 11:20:00,157.87939453125,7.07170295715332,1048.59607068976,46.2033309936523,True
2018-02-25 11:30:00,190.649993896484,7.75913190841674,1395.22711859388,47.153938293457,True
2018-02-25 11:40:00,187.575805664062,7.25433206558227,1134.71634114505,47.8157081604003,True
2018-02-25 11:50:00,262.738586425781,7.81431579589843,1425.52393650496,51.2385215759277,True
2018-02-25 12:00:00,194.419494628906,5.99564599990844,623.531611557488,45.2647285461425,True
2018-02-25 12:10:00,209.963394165039,6.72263097763061,895.868224318295,42.3944511413574,True
2018-02-25 12:20:00,205.371307373046,6.71856689453125,894.176665994076,38.99116897583,True
2018-02-25 12:30:00,218.781204223632,6.98977708816528,1011.39344990251,40.195499420166,True
2018-02-25 12:40:00,218.251205444335,6.73826599121093,902.3938328459,47.0974006652832,True
2018-02-25 12:50:00,165.926895141601,5.93790006637573,604.238539655356,45.4244194030761,True
2018-02-25 13:00:00,127.898902893066,5.62850284576416,506.736965606336,41.7457695007324,True
2018-02-25 13:10:00,189.192306518554,7.11474895477294,1068.49213009217,46.8524208068847,True
2018-02-25 13:20:00,226.989807128906,7.63033580780029,1325.94948382633,46.7568893432617,True
2018-02-25 13:30:00,195.57420349121,6.72352790832519,896.241805505048,47.9504508972167,True
2018-02-25 13:40:00,207.685501098632,7.21642398834228,1116.46801806053,46.8106613159179,True
2018-02-25 13:50:00,200.783599853515,6.96199703216552,998.972574692209,52.8680114746093,True
2018-02-25 14:00:00,200.961700439453,6.73197507858276,899.764749493312,58.9473686218261,True
2018-02-25 14:10:00,232.971603393554,7.37811088562011,1195.7164100664,60.3811988830566,True
2018-02-25 14:20:00,225.541595458984,6.8205862045288,937.227103645351,57.2648811340332,True
2018-02-25 14:30:00,248.161697387695,7.05564403533935,1041.23559705607,56.191780090332,True
2018-02-25 14:40:00,268.726013183593,7.60555982589721,1312.861469722,56.405460357666,True
2018-02-25 14:50:00,244.714599609375,7.08382701873779,1054.17528139329,51.0385398864746,True
2018-02-25 15:00:00,198.129104614257,6.52273321151733,814.911986595295,51.6926498413085,True
2018-02-25 15:10:00,224.828002929687,6.9731068611145,1003.92828390284,49.4512596130371,True
2018-02-25 15:20:00,311.760192871093,8.65073585510253,1921.72794639601,58.7923316955566,True
2018-02-25 15:30:00,297.242401123046,8.75422668457031,1986.91674647221,62.3217010498046,True
2018-02-25 15:40:00,260.182891845703,8.07733154296875,1574.5874352306,65.4013977050781,True
2018-02-25 15:50:00,225.12190246582,7.55615711212158,1287.0020623438,63.991111755371,True
2018-02-25 16:00:00,191.17349243164,7.19917201995849,1108.22888066648,61.6017112731933,True
2018-02-25 16:10:00,186.369903564453,8.30380153656005,1708.47206476274,60.7870903015136,True
2018-02-25 16:20:00,121.430702209472,7.69903421401977,1362.64657322256,63.7620506286621,True
2018-02-25 16:30:00,117.429100036621,8.62637042999267,1906.47467916203,67.0761566162109,True
2018-02-25 16:40:00,73.8138122558593,8.24172401428222,1671.31017887,71.4127197265625,True
2018-02-25 16:50:00,47.1570205688476,8.17854690551757,1633.84041519989,71.5624618530273,True
2018-02-25 17:00:00,46.4861488342285,8.70373630523681,1955.03392808864,69.1130905151367,True
2018-02-25 17:10:00,64.1158065795898,9.45615768432617,2441.20775523719,68.7235107421875,True
2018-02-25 17:20:00,37.0938987731933,9.19198417663574,2268.41749067203,69.513427734375,True
2018-02-25 17:30:00,67.232551574707,10.6924400329589,3152.68859250381,68.6788864135742,True
2018-02-25 17:40:00,45.8348999023437,10.5122003555297,3071.58524282538,69.207763671875,True
2018-02-25 17:50:00,48.1653785705566,11.4251499176025,3402.76879210439,68.7205734252929,True
2018-02-25 18:00:00,16.8536300659179,10.4509096145629,3042.05764016147,70.1314620971679,True
2018-02-25 18:10:00,5.57164096832275,9.75026702880859,2626.7885400747,71.5809097290039,True
2018-02-25 18:20:00,2.22686696052551,10.842619895935,3213.99905162982,73.5366668701171,True
2018-02-25 18:30:00,2.69860100746154,11.2720603942871,3360.27279071642,73.7131729125976,True
2018-02-25 18:40:00,0.381332904100418,10.9967603683471,3271.29699010331,73.479881286621,True
2018-02-25 18:50:00,0.0,10.1560497283935,2885.3742782813,75.0700378417968,True
2018-02-25 19:00:00,0.0,9.8518362045288,2696.48287085908,75.8472366333007,True
2018-02-25 19:10:00,0.0,9.66489124298095,2565.50463823088,72.9492721557617,True
2018-02-25 19:20:00,0.0,8.89985561370849,2079.64294233942,74.0543136596679,True
2018-02-25 19:30:00,0.0,8.30672931671142,1710.23290821029,73.1498336791992,True
2018-02-25 19:40:00,0.0,7.57278203964233,1295.66853940869,77.7753829956054,True
2018-02-25 19:50:00,0.0,7.46863508224487,1241.74846300529,76.3994064331054,True
2018-02-25 20:00:00,0.0,7.77943086624145,1406.32985339397,75.1382064819335,True
2018-02-25 20:10:00,0.0,8.45422458648681,1799.84215563632,77.4580688476562,True
2018-02-25 20:20:00,0.0,8.55998420715332,1865.11074170931,74.3775634765625,True
2018-02-25 20:30:00,0.0,8.86695957183837,2058.60395151674,71.6891174316406,True
2018-02-25 20:40:00,0.0,9.63065147399902,2540.21768069456,73.2923736572265,True
2018-02-25 20:50:00,0.0,9.50856494903564,2446.66521814809,74.8449325561523,True
2018-02-25 21:00:00,0.0,9.31373977661132,2347.88631789883,76.0098037719726,True
2018-02-25 21:10:00,0.0,9.47896289825439,2456.17637970172,73.9020233154296,True
2018-02-25 21:20:00,0.0,9.46321868896484,2445.84181098099,71.6866607666015,True
2018-02-25 21:30:00,0.0,9.76994132995605,2640.558274347,76.0206985473632,True
2018-02-25 21:40:00,0.0,9.04376697540283,2172.24321615816,73.0135421752929,True
2018-02-25 21:50:00,0.0,9.37351512908935,2387.01644328744,74.2552871704101,True
2018-02-25 22:00:00,0.0,9.68107509613037,2577.31451629682,75.4472885131835,True
2018-02-25 22:10:00,0.0,10.015640258789,2801.78839555223,73.4845428466796,True
2018-02-25 22:20:00,0.0,9.02066040039062,2157.31831439335,75.4207763671875,True
2018-02-25 22:30:00,0.0,8.5145845413208,1836.99493951717,73.4918136596679,True
2018-02-25 22:40:00,0.0,8.37636280059814,1752.32185842171,71.6245574951171,True
2018-02-25 22:50:00,0.0,9.16587734222412,2251.42734169423,73.251106262207,True
2018-02-25 23:00:00,0.0,8.30086135864257,1706.70449440989,70.702766418457,True
2018-02-25 23:10:00,0.0,8.09699630737304,1586.02212546876,75.4055404663085,True
2018-02-25 23:20:00,0.0,9.5482120513916,2477.63328690279,78.9672012329101,True
2018-02-25 23:30:00,0.0,9.22888278961181,2292.4628045389,76.7849502563476,True
2018-02-25 23:40:00,0.0,9.3276891708374,2357.01200132516,76.9331130981445,True
2018-02-25 23:50:00,0.0,8.28763389587402,1698.76151970981,74.2858505249023,True
2018-02-26 00:00:00,0.0,8.56994342803955,1871.29743948371,76.0452423095703,True
2018-02-26 00:10:00,0.0,8.99392795562744,2140.07722477174,77.3646621704101,True
2018-02-26 00:20:00,0.0,9.19862079620361,2272.73961374292,76.9886398315429,True
2018-02-26 00:30:00,0.0,8.91185760498046,2087.3315601251,73.7177505493164,True
2018-02-26 00:40:00,0.0,8.91160869598388,2087.17203892736,77.2592163085937,True
2018-02-26 00:50:00,0.0,9.28542137145996,2329.37254537973,77.2757568359375,True
2018-02-26 01:00:00,0.0,9.70015335083007,2591.12004886341,78.3635330200195,True
2018-02-26 01:10:00,0.0,10.2034301757812,2912.23915208432,75.9291610717773,True
2018-02-26 01:20:00,0.0,9.74281501770019,2621.53877235445,77.9544219970703,True
2018-02-26 01:30:00,0.0,10.0495195388793,2822.50948979838,75.9268188476562,True
2018-02-26 01:40:00,0.0,9.94612121582031,2758.14408000406,74.0486602783203,True
2018-02-26 01:50:00,0.0,9.76992034912109,2640.54365980137,71.8362884521484,True
2018-02-26 02:00:00,0.0,10.0558004379272,2826.31194721452,74.9938430786132,True
2018-02-26 02:10:00,0.0,10.6410102844238,3130.40096179497,76.160171508789,True
2018-02-26 02:20:00,0.0,9.87692642211914,2713.17312078075,73.19384765625,True
2018-02-26 02:30:00,0.0,9.9850149154663,2782.74944126325,73.454246520996,True
2018-02-26 02:40:00,0.0,9.30264091491699,2340.62821174735,71.9756927490234,True
2018-02-26 02:50:00,0.0,9.6476821899414,2552.84659583727,76.9569931030273,True
2018-02-26 03:00:00,0.0,10.3006496429443,2965.30741687495,76.3328170776367,True
2018-02-26 03:10:00,0.0,10.9406700134277,3251.0897752826,76.6859664916992,True
2018-02-26 03:20:00,0.0,11.2329902648925,3348.64720392897,77.8526535034179,True
2018-02-26 03:30:00,0.0,11.6062498092651,3446.97909099071,77.8125991821289,True
2018-02-26 03:40:00,0.0,11.1702003479003,3329.28176678398,78.5378112792968,True
2018-02-26 03:50:00,0.0,10.823049545288,3206.32186528042,76.5327682495117,True
2018-02-26 04:00:00,0.0,10.4518098831176,3042.49869507919,75.6630630493164,True
2018-02-26 04:10:00,0.0,11.2152700424194,3343.2676334599,76.8588562011718,True
2018-02-26 04:20:00,0.0,11.0662202835083,3295.32462167027,75.6699829101562,True
2018-02-26 04:30:00,0.0,10.410849571228,3022.20774497666,77.2709732055664,True
2018-02-26 04:40:00,0.0,10.2514696121215,2938.80395536232,77.7853698730468,True
2018-02-26 04:50:00,0.0,10.2237701416015,2923.56894259674,76.279296875,True
2018-02-26 05:00:00,0.0,10.4284601211547,3030.98791163032,73.8620910644531,True
2018-02-26 05:10:00,0.0,9.76290893554687,2635.6514313757,78.0334167480468,True
2018-02-26 05:20:00,0.0,9.83760833740234,2686.92659976224,78.4856719970703,True
2018-02-26 05:30:00,0.0,10.1080598831176,2857.48093696321,80.5155334472656,True
2018-02-26 05:40:00,0.0,9.83302783966064,2683.83587230741,79.5214920043945,True
2018-02-26 05:50:00,0.0,9.52496337890625,2459.54316326236,78.0175094604492,True
2018-02-26 06:00:00,0.0,8.7061538696289,1956.55717041002,83.7309188842773,True
2018-02-26 06:10:00,0.0,8.05780124664306,1563.26884615216,82.1207122802734,True
2018-02-26 06:20:00,0.0,8.21539115905761,1655.64853072991,86.0755310058593,True
2018-02-26 06:30:00,0.0,7.75347995758056,1392.14445752903,86.5337677001953,True
2018-02-26 06:40:00,0.0,7.49403476715087,1254.88735008322,84.3855972290039,True
2018-02-26 06:50:00,0.0,7.62094402313232,1320.97895999155,88.6807403564453,True
2018-02-26 07:00:00,0.0,8.35019588470458,1736.45903644883,86.3992767333984,True
2018-02-26 07:10:00,0.0,7.83391284942626,1436.36849528941,83.9648284912109,True
2018-02-26 07:20:00,0.0,8.3833589553833,1756.5723624874,91.8341064453125,True
2018-02-26 07:30:00,0.0,8.2913007736206,1700.9619534322,96.3329925537109,True
2018-02-26 07:40:00,0.0,7.47356414794921,1244.29044921263,99.0768432617187,True
2018-02-26 07:50:00,0.0,7.48725318908691,1251.36962429805,99.8346099853515,True
2018-02-26 08:00:00,0.0,7.07210111618041,1048.77898960721,101.173599243164,True
2018-02-26 08:10:00,0.0,7.18884801864624,1103.31785795017,98.1897506713867,True
2018-02-26 08:20:00,0.0,7.22450304031372,1120.3404528852,97.3432464599609,True
2018-02-26 08:30:00,0.0,7.74868488311767,1389.53214966967,102.066200256347,True
2018-02-26 08:40:00,0.0,6.61299896240234,850.905595331108,98.3566131591796,True
2018-02-26 08:50:00,0.0,6.49072504043579,802.367661960722,100.462600708007,True
2018-02-26 09:00:00,0.0,5.87149000167846,582.487438757575,101.79100036621,True
2018-02-26 09:10:00,0.0,5.45006799697875,454.750096976033,104.138397216796,True
2018-02-26 09:20:00,0.0,5.04086589813232,346.102820583104,103.98639678955,True
2018-02-26 09:30:00,0.0,5.68256711959838,523.084291776615,113.093200683593,True
2018-02-26 09:40:00,0.0,5.68447399139404,523.666061276004,115.935897827148,True
2018-02-26 09:50:00,0.0,6.28346490859985,723.863504958545,115.129096984863,True
2018-02-26 10:00:00,0.0,6.69988679885864,886.426331932153,119.865798950195,True
2018-02-26 10:10:00,0.0,7.47966909408569,1247.44401454387,119.84519958496,True
2018-02-26 10:20:00,0.0,7.24365091323852,1129.55442162729,122.705703735351,True
2018-02-27 04:20:00,0.0,4.04255819320678,130.941867017039,270.372406005859,True
2018-02-27 04:30:00,0.0,4.15565776824951,152.453516290798,295.686096191406,True
2018-02-27 05:20:00,0.0,4.24430799484252,169.750562718818,219.682006835937,True
2018-02-27 06:00:00,0.0,5.11765098571777,365.437224666822,234.744903564453,True
2018-02-27 06:20:00,0.0,4.41441392898559,204.100430053466,199.040405273437,True
2018-02-27 06:30:00,0.0,4.44905281066894,211.293066243114,198.029098510742,True
2018-02-27 06:40:00,0.0,4.63159084320068,250.384678552446,180.784393310546,True
2018-02-27 06:50:00,0.0,3.77788591384887,89.3008688403243,184.605194091796,True
2018-02-27 07:00:00,0.0,3.75134205818176,85.204136933241,180.986694335937,True
2018-02-27 07:20:00,0.0,3.99221110343933,126.509385213122,164.88330078125,True
2018-02-27 07:30:00,0.0,4.91509389877319,315.411674673495,161.767593383789,True
2018-02-27 07:40:00,0.0,4.95547008514404,325.134959654105,163.883193969726,True
2018-02-27 07:50:00,0.0,3.86780595779418,104.016765080061,173.302200317382,True
2018-02-27 08:20:00,0.0,5.84216022491455,573.027559142008,175.313400268554,True
2018-02-27 08:40:00,0.0,7.08261394500732,1053.61618850751,184.729598999023,True
2018-02-27 08:50:00,0.0,8.57620906829833,1875.19311022409,192.372100830078,True
2018-02-27 09:00:00,0.0,5.59391403198242,496.426084301387,198.288192749023,True
2018-02-27 09:10:00,0.0,6.23364496231079,705.687589807231,211.539093017578,True
2018-02-27 09:20:00,0.0,9.03151512145996,2164.32702630903,200.807006835937,True
2018-02-27 09:30:00,0.0,10.8620100021362,3221.51484991645,202.429397583007,True
2018-02-27 09:40:00,0.0,10.4090900421142,3021.32580660762,205.17820739746,True
2018-02-27 09:50:00,0.0,10.743989944458,3174.3601652204,209.468795776367,True
2018-02-27 10:00:00,0.0,11.7879600524902,3485.05734439697,213.849395751953,True
2018-02-27 10:10:00,0.0,11.1204204559326,3313.32211844877,210.205200195312,True
2018-02-27 10:20:00,0.0,11.0372400283813,3285.43240886271,208.794692993164,True
2018-02-27 10:30:00,0.0,11.0409803390502,3286.7197654392,204.953002929687,True
2018-02-27 10:40:00,0.0,9.9248571395874,2744.48820407458,198.713897705078,True
2018-02-27 10:50:00,0.0,8.36932659149169,1748.05096460056,197.973800659179,True
2018-02-27 11:00:00,0.0,10.1741695404052,2895.72683615901,202.186798095703,True
2018-02-27 11:10:00,0.0,10.1990098953247,2909.7609027324,206.9501953125,True
2018-02-27 15:40:00,0.0,3.72379493713378,81.0717668699217,270.964202880859,True
2018-02-27 15:50:00,0.0,4.38500499725341,198.047754877408,272.504608154296,True
2018-02-27 16:40:00,0.0,3.57535696029663,60.8942732704345,310.375701904296,True
2018-02-27 16:50:00,0.0,3.94877696037292,118.375080374693,306.269592285156,True
2018-02-27 18:40:00,0.0,4.87531185150146,305.948325689358,216.2333984375,True
2018-02-28 13:30:00,0.0,4.04995203018188,132.329952935726,5.72327804565429,True
2018-02-28 14:20:00,0.0,3.52481603622436,54.82866290944,27.5997905731201,True
2018-02-28 14:30:00,0.0,4.54200601577758,230.944284929008,7.37728214263916,True
2018-02-28 14:40:00,31.326919555664,4.98271322250366,331.764141018326,12.8128004074096,True
2018-02-28 14:50:00,45.6829681396484,5.36033201217651,429.704737853897,14.4219102859497,True
2018-02-28 15:00:00,-0.0717998594045639,4.59137487411499,241.595225870725,7.08419179916381,True
2018-02-28 15:10:00,0.0,3.73540997505187,82.7993457141247,344.427307128906,True
2018-02-28 15:20:00,0.0,4.19249677658081,159.59336112618,319.765411376953,True
2018-02-28 15:40:00,0.0,4.37646102905273,196.298481727949,352.264892578125,True
2018-02-28 15:50:00,0.0,4.4455919265747,210.571299152196,19.1519393920898,True
2018-02-28 16:00:00,0.0,4.18005895614624,157.175229290601,19.3494606018066,True
2018-02-28 16:10:00,0.0,3.78864789009094,90.9939720465018,37.1938285827636,True
2018-02-28 16:40:00,0.0,3.64942789077758,70.5222193304689,30.8316001892089,True
2018-02-28 16:50:00,0.0,3.5326189994812,55.7384478720669,53.8657493591308,True
2018-02-28 17:50:00,0.0,3.92861890792846,114.702451146692,41.1675300598144,True
2018-02-28 18:00:00,0.0,3.92829990386962,114.644853845777,52.238540649414,True
2018-02-28 18:10:00,0.0,4.18425512313842,157.990174681825,44.9666404724121,True
2018-02-28 18:20:00,0.0,3.63029599189758,67.9513147328953,34.6318702697753,True
2018-02-28 18:30:00,0.0,3.63222694396972,68.2081349015352,29.7639999389648,True
2018-02-28 18:50:00,0.0,3.95334196090698,119.215814303101,25.381929397583,True
2018-02-28 19:00:00,0.0,4.04662084579467,131.704263483769,50.0514984130859,True
2018-02-28 19:10:00,0.0,5.03303098678588,344.155869662745,41.2138595581054,True
2018-02-28 19:20:00,0.0,4.09843683242797,141.494636119194,34.8228302001953,True
2018-02-28 19:30:00,0.0,4.16518402099609,154.293382630586,34.9708786010742,True
2018-02-28 19:40:00,0.0,4.63464593887329,251.056607021472,30.1442108154296,True
2018-02-28 19:50:00,0.0,5.1111741065979,363.788393588632,39.0561981201171,True
2018-02-28 20:00:00,0.0,5.62974691390991,507.109955133598,37.2323913574218,True
2018-02-28 20:10:00,0.0,5.87372112274169,583.210701009732,29.567850112915,True
2018-02-28 20:20:00,0.0,5.34594106674194,425.754403118932,27.0686607360839,True
2018-02-28 20:30:00,0.0,6.18505716323852,688.217940111994,36.9441909790039,True
2018-02-28 20:40:00,0.0,5.45633077621459,456.524950637641,51.2497901916503,True
2018-02-28 20:50:00,0.0,4.51107501983642,224.347594339955,37.7131004333496,True
2018-02-28 21:00:00,0.0,4.44700098037719,210.8650729124,40.310619354248,True
2018-02-28 21:10:00,0.0,5.32885694503784,421.088190409865,39.0605201721191,True
2018-02-28 21:20:00,0.0,4.32598781585693,186.047518112031,40.2515411376953,True
2018-02-28 21:30:00,0.0,4.2114667892456,163.296430091034,38.4915084838867,True
2018-02-28 21:40:00,0.0,4.28143596649169,177.114520433465,53.7123107910156,True
2018-02-28 21:50:00,0.0,4.87370300292968,305.568024207505,30.4736099243164,True
2018-02-28 22:00:00,0.0,5.12918186187744,368.380948279472,27.5451793670654,True
2018-02-28 22:10:00,0.0,6.50664091110229,808.59101941792,32.2390213012695,True
2018-02-28 22:20:00,0.0,5.56079721450805,486.660533830965,30.1563301086425,True
2018-02-28 22:30:00,0.0,5.84512901306152,573.981055227588,28.0712299346923,True
2018-02-28 22:40:00,0.0,5.81107807159423,563.099117447108,26.7719707489013,True
2018-02-28 22:50:00,0.0,6.02969503402709,634.052762274479,23.0279598236083,True
2018-02-28 23:00:00,0.0,5.8974061012268,590.920635049248,27.1991596221923,True
2018-02-28 23:10:00,0.0,5.68752813339233,524.598594444678,27.2353992462158,True
2018-02-28 23:20:00,0.0,4.01817893981933,126.38251350774,24.5933303833007,True
2018-02-28 23:30:00,0.0,3.88316988945007,106.660560752903,19.5622692108154,True
2018-02-28 23:40:00,0.0,5.28074312210083,408.08197998742,29.2783393859863,True
2018-02-28 23:50:00,0.0,4.53140115737915,228.676010174952,36.1138114929199,True
2018-03-01 00:00:00,0.0,4.68449783325195,262.106348503324,51.1691589355468,True
2018-03-01 00:10:00,0.0,4.37770509719848,196.552934514945,37.4244003295898,True
2018-03-01 00:20:00,0.0,3.96931099891662,122.183056974992,26.1265907287597,True
2018-03-01 00:30:00,0.0,4.81945896148681,292.853912518648,37.0920791625976,True
2018-03-01 00:40:00,0.0,5.43420791625976,450.271237785748,32.1770095825195,True
2018-03-01 00:50:00,0.0,5.59991598129272,498.207070023404,28.5156307220458,True
2018-03-01 01:00:00,0.0,5.86442613601684,580.200955220904,29.6056194305419,True
2018-03-01 01:10:00,0.0,5.48196601867675,463.827033701904,28.3399200439453,True
2018-03-01 01:20:00,0.0,6.52128410339355,814.341603516038,17.447410583496,True
2018-03-01 01:30:00,0.0,6.49025392532348,802.183876654004,20.3549308776855,True
2018-03-01 01:40:00,0.0,5.62778902053833,506.523017703141,13.6120195388793,True
2018-03-01 01:50:00,0.0,6.32497787475585,739.213088459301,13.6299295425415,True
2018-03-01 02:00:00,0.0,6.39834785461425,766.7986785183,15.3303699493408,True
2018-03-01 02:10:00,0.0,6.57399892807006,835.2417804339,14.8254299163818,True
2018-03-01 02:20:00,0.0,5.20553588867187,388.144598832465,17.1401290893554,True
2018-03-01 02:30:00,0.0,5.35460901260375,428.131600650047,21.3938694000244,True
2018-03-01 02:40:00,0.0,3.92269706726074,113.63589638687,24.9931297302246,True
2018-03-01 02:50:00,0.0,4.31408786773681,183.651026552414,20.7582607269287,True
2018-03-01 03:00:00,0.0,4.1380271911621,149.060114967428,17.0954303741455,True
2018-03-01 03:10:00,0.0,3.66791009902954,73.0614351997974,26.4145202636718,True
2018-03-01 03:20:00,0.0,3.93532705307006,115.917401394621,11.8225202560424,True
2018-03-01 03:40:00,0.0,4.17753505706787,156.685480312906,48.9558715820312,True
2018-03-01 03:50:00,0.0,3.68042993545532,74.812549699669,38.6114807128906,True
2018-03-01 04:00:00,0.0,3.64589595794677,70.0431977336557,61.2742118835449,True
2018-03-01 04:30:00,0.0,3.99052596092224,126.188165090386,45.1823806762695,True
2018-03-01 04:40:00,0.0,3.80363392829895,93.3824849626226,46.2190208435058,True
2018-03-01 04:50:00,0.0,4.06972408294677,136.054151311717,15.9788398742675,True
2018-03-01 05:00:00,0.0,4.18012714385986,157.18846514334,24.471939086914,True
2018-03-01 05:10:00,0.0,4.34541177749633,189.975829708333,21.9068508148193,True
2018-03-01 05:20:00,0.0,3.98368597030639,124.888998104016,35.0349998474121,True
2018-03-01 05:30:00,0.0,3.82491111755371,96.8354239108157,46.2267303466796,True
2018-03-01 06:00:00,0.0,3.77980089187622,89.600783017715,53.0140800476074,True
2018-03-01 06:10:00,0.0,3.51239705085754,53.4007646456421,49.684398651123,True
2018-03-01 06:20:00,0.0,3.55685997009277,58.6269611463067,56.4282302856445,True
2018-03-01 06:40:00,0.0,3.55518388748168,58.4242163129566,72.9247589111328,True
2018-03-01 09:30:00,0.0,3.67732906341552,74.3765028410853,205.755996704101,True
2018-03-01 09:40:00,0.0,3.72228288650512,80.8484578192183,199.615203857421,True
2018-03-01 09:50:00,0.0,4.54111814498901,230.754114016572,214.095901489257,True
2018-03-01 10:00:00,0.0,4.10872411727905,143.453287352134,214.481399536132,True
2018-03-01 10:10:00,0.0,3.63542008399963,68.6341373399964,200.476501464843,True
2018-03-01 10:30:00,0.0,4.07532501220703,137.112398072649,193.252304077148,True
2018-03-01 10:50:00,0.0,4.45563220977783,212.667128426831,189.891296386718,True
2018-03-01 11:00:00,0.0,4.67060899734497,259.011579297339,195.580200195312,True
2018-03-01 11:10:00,0.0,4.19178199768066,159.454185923291,197.340103149414,True
2018-03-01 11:20:00,0.0,5.13196086883544,369.091994000176,199.216598510742,True
2018-03-01 11:30:00,0.0,4.75764322280883,278.616706561062,194.840103149414,True
2018-03-01 11:40:00,0.0,4.21182584762573,163.366696085594,203.606796264648,True
2018-03-01 11:50:00,0.0,4.02742385864257,128.10833363864,190.238006591796,True
2018-03-01 12:00:00,0.0,3.79802894592285,92.4849421519903,195.983901977539,True
2018-03-01 12:10:00,0.0,3.60788393020629,65.0141155748461,200.168502807617,True
2018-03-01 12:50:00,0.0,4.36192989349365,193.332795018393,173.253799438476,True
2018-03-01 13:00:00,0.0,4.44052696228027,209.516258815825,178.702606201171,True
2018-03-01 13:10:00,0.0,4.19259881973266,159.613232124579,190.490203857421,True
2018-03-01 13:20:00,0.0,3.59148693084716,62.9161249361496,200.548706054687,True
2018-03-01 13:30:00,0.0,4.5891990661621,241.122610072041,189.538192749023,True
2018-03-01 13:40:00,0.0,4.26172590255737,173.196233884485,182.91389465332,True
2018-03-01 13:50:00,0.0,4.5099778175354,224.114658765302,185.179092407226,True
2018-03-01 14:00:00,0.0,4.50606107711791,223.283728463426,183.132507324218,True
2018-03-01 14:10:00,0.0,5.14198207855224,371.661203477776,186.880004882812,True
2018-03-01 14:20:00,0.0,5.74782514572143,543.197665489336,182.637802124023,True
2018-03-01 14:30:00,0.0,5.3734917640686,433.332973812411,183.435104370117,True
2018-03-01 14:40:00,0.0,5.01823377609252,340.491699906307,190.215393066406,True
2018-03-01 14:50:00,0.0,5.4829568862915,464.110480434382,196.332107543945,True
2018-03-01 15:00:00,0.0,5.69393587112426,526.558066193416,196.313003540039,True
2018-03-01 15:10:00,0.0,6.01643991470336,629.550951682218,196.205993652343,True
2018-03-01 15:20:00,0.0,5.75818490982055,546.429593312962,194.355102539062,True
2018-03-01 15:30:00,0.0,5.65481805801391,514.658447741275,199.953903198242,True
2018-03-01 15:40:00,0.0,6.35405921936035,750.077090868463,203.268402099609,True
2018-03-01 15:50:00,0.0,7.56948804855346,1293.9485081272,205.76870727539,True
2018-03-01 16:00:00,137.578399658203,8.1948766708374,1643.49068810894,199.675903320312,True
2018-03-01 16:10:00,284.216888427734,8.58404922485351,1880.07144854935,200.169403076171,True
2018-03-01 16:20:00,396.667907714843,8.67669486999511,1938.01954133235,201.230392456054,True
2018-03-01 16:30:00,725.640380859375,9.19440555572509,2269.99428231422,203.556701660156,True
2018-03-02 14:20:00,467.407806396484,12.7057104110717,3591.31452952761,215.352401733398,True
2018-03-02 14:30:00,0.0,12.8546800613403,3596.22839077371,216.886199951171,True
2018-03-02 14:40:00,0.0,14.158519744873,3600.0,216.995407104492,True
2018-03-02 14:50:00,0.0,14.0415296554565,3600.0,215.48550415039,True
2018-03-02 15:00:00,0.0,14.1236295700073,3600.0,214.703994750976,True
2018-03-02 15:10:00,979.624328613281,14.5472497940063,3600.0,208.546997070312,True
2018-03-04 15:10:00,206.274002075195,6.16127204895019,679.758255601469,23.688060760498,True
2018-03-04 16:30:00,84.5965499877929,4.83757781982421,297.077506811099,33.0041885375976,True
2018-03-04 16:40:00,0.0,4.57809209823608,238.714651444013,21.4643096923828,True
2018-03-04 17:10:00,24.0395908355712,3.56295609474182,59.3681602002953,27.6567192077636,True
2018-03-04 22:00:00,0.0,3.53095197677612,55.5432633882338,201.053405761718,True
2018-03-04 22:10:00,0.0,3.69919109344482,77.4835698024399,214.417694091796,True
2018-03-04 22:50:00,0.0,3.59687709808349,63.6010487559979,262.552612304687,True
2018-03-04 23:20:00,0.0,4.03581619262695,129.67831586492,183.615600585937,True
2018-03-04 23:30:00,0.0,4.29722213745117,180.267591154557,189.398696899414,True
2018-03-04 23:40:00,13.9513902664184,4.35784578323364,192.5013784031,180.893493652343,True
2018-03-05 02:00:00,0.0,3.62268590927124,66.9449684250758,223.29280090332,True
2018-03-05 04:40:00,0.0,3.80714201927185,93.9468037586385,194.501800537109,True
2018-03-05 04:50:00,0.0,4.18047285079956,157.255573551657,197.670303344726,True
2018-03-05 05:00:00,0.0,3.70379996299743,78.1483498491334,198.532394409179,True
2018-03-05 05:10:00,0.0,3.52324295043945,54.6464292288292,188.543594360351,True
2018-03-05 05:20:00,0.0,4.00669384002685,124.24380586703,190.140304565429,True
2018-03-05 05:30:00,0.0,3.59760189056396,63.6935020664969,185.175796508789,True
2018-03-05 05:40:00,0.0,4.40262508392333,201.668257064567,196.1123046875,True
2018-03-05 08:00:00,0.0,3.78997492790222,91.2040286300007,140.278701782226,True
2018-03-05 10:30:00,0.0,3.92937588691711,114.839191515985,153.439300537109,True
2018-03-05 10:40:00,0.0,4.63123512268066,250.306481432542,150.720993041992,True
2018-03-05 10:50:00,0.0,4.64440584182739,253.207196632675,138.441101074218,True
2018-03-05 11:00:00,0.0,4.23246479034423,167.416687748294,147.962295532226,True
2018-03-05 11:10:00,0.0,4.40190505981445,201.519964594037,147.208999633789,True
2018-03-05 11:20:00,0.0,3.58469796180725,62.0600713011563,151.669998168945,True
2018-03-05 11:30:00,0.0,4.20451116561889,161.936537752009,138.81379699707,True
2018-03-05 12:00:00,0.0,3.77678394317626,89.1285497317585,138.635192871093,True
2018-03-05 12:10:00,0.0,4.58783912658691,240.827363388665,132.114196777343,True
2018-03-05 12:20:00,0.0,4.47630500793457,217.001043918364,138.465393066406,True
2018-03-05 12:50:00,0.0,3.84262990951538,99.7661702572841,77.7136001586914,True
2018-03-05 13:00:00,0.0,4.20144796371459,161.338428105655,79.1754837036132,True
2018-03-05 13:10:00,0.0,4.49753379821777,221.47787082729,80.0945968627929,True
2018-03-05 13:20:00,0.0,4.33781814575195,188.437629938322,113.818801879882,True
2018-03-05 13:30:00,0.0,4.06969499588012,136.048659354322,109.196098327636,True
2018-03-05 13:40:00,0.0,4.84802818298339,299.524094797726,119.317199707031,True
2018-03-05 13:50:00,0.0,3.51921010017395,54.1810534553779,118.243202209472,True
2018-03-05 14:00:00,0.0,4.53916978836059,230.336969574417,123.367301940917,True
2018-03-05 14:10:00,0.0,4.61846113204956,247.503780891505,122.884399414062,True
2018-03-05 14:20:00,0.0,5.47312688827514,461.302487979613,129.887298583984,True
2018-03-05 14:30:00,0.0,5.85998582839965,578.766332495555,122.061798095703,True
2018-03-05 14:40:00,0.0,5.42512798309326,447.717267398889,116.462097167968,True
2018-03-07 08:00:00,1799.51196289062,18.0134506225585,3600.0,219.516006469726,True
2018-03-07 08:20:00,757.390014648437,18.9015598297119,3600.0,221.477600097656,True
2018-03-08 21:40:00,38.1895294189453,3.69647502899169,77.0933982084534,248.088195800781,True
2018-03-08 23:20:00,0.0,3.98122406005859,124.423222404904,291.740905761718,True
2018-03-08 23:30:00,18.2756099700927,3.53156805038452,55.6153449874728,299.47720336914,True
2018-03-09 00:00:00,0.0,3.50379800796508,52.4265308812501,339.99951171875,True
2018-03-09 01:00:00,0.0,3.52944111824035,55.3667475983793,328.619995117187,True
2018-03-09 01:50:00,0.0,4.0788140296936,137.772353110491,304.499298095703,True
2018-03-09 02:00:00,69.5729827880859,4.12303113937377,146.185638730834,303.930603027343,True
2018-03-09 03:00:00,0.0,3.54383111000061,57.0627776163792,339.299011230468,True
2018-03-09 03:10:00,0.0,3.53195095062255,55.6601755293814,337.376190185546,True
2018-03-09 03:20:00,0.0,3.77294111251831,88.5291526742694,336.941711425781,True
2018-03-09 05:30:00,0.0,4.26124286651611,173.100464573126,3.71228599548339,True
2018-03-09 05:40:00,0.0,4.15852117538452,153.006075986242,2.95786690711975,True
2018-03-09 09:50:00,0.0,3.81509494781494,95.2334202463535,167.153900146484,True
2018-03-09 18:10:00,0.0,3.60771894454956,64.9927914707405,323.056884765625,True
2018-03-09 18:20:00,0.0,3.5369369983673,56.2460911650096,329.665496826171,True
2018-03-09 18:30:00,0.0,4.11396121978759,144.452335246241,327.840087890625,True
2018-03-09 18:40:00,0.0,4.49605083465576,221.164262733358,323.241485595703,True
2018-03-09 21:10:00,0.0,3.60819888114929,65.0548345192774,337.446014404296,True
2018-03-09 21:50:00,0.0,3.69035410881042,76.2184351260485,356.569396972656,True
2018-03-09 22:30:00,0.0,3.69925808906555,77.4932088599862,350.784301757812,True
2018-03-09 22:40:00,0.0,3.9335069656372,115.587043291845,355.955688476562,True
2018-03-09 22:50:00,0.0,3.53968095779418,56.5702335458664,352.608489990234,True
2018-03-09 23:00:00,0.0,3.83078694343566,97.8017378205959,350.594207763671,True
2018-03-09 23:10:00,0.0,3.70029091835021,77.6418990131106,348.144714355468,True
2018-03-09 23:20:00,0.0,3.70631909370422,78.5131439690276,348.062103271484,True
2018-03-09 23:30:00,0.0,3.74321293830871,83.9720517594369,350.89990234375,True
2018-03-09 23:40:00,0.0,4.41114997863769,203.426245508905,355.35791015625,True
2018-03-09 23:50:00,17.0821304321289,4.28938102722167,178.699778151809,358.10791015625,True
2018-03-10 02:30:00,0.0,3.70510601997375,78.3373525914185,38.3437995910644,True
2018-03-10 02:40:00,0.0,4.1850790977478,158.150303445468,39.6166381835937,True
2018-03-10 02:50:00,0.0,4.19246816635131,159.587789911969,44.2082595825195,True
2018-03-10 03:00:00,0.0,3.9529640674591,119.146091268148,45.8547897338867,True
2018-03-10 03:10:00,0.0,3.685791015625,75.5700578689575,47.5732994079589,True
2018-03-10 03:20:00,0.0,3.62988400459289,67.8965968863313,53.1208000183105,True
2018-03-10 03:30:00,0.0,3.53396701812744,55.896606695911,51.37255859375,True
2018-03-10 03:50:00,0.0,3.88989210128784,107.82918339597,57.9145698547363,True
2018-03-10 04:10:00,0.0,3.75105309486389,85.1601591400149,60.1342315673828,True
2018-03-10 04:20:00,0.0,3.67835998535156,74.5213011093437,59.7455787658691,True
2018-03-10 04:30:00,0.0,3.5128059387207,53.4473845020402,65.0687179565429,True
2018-03-10 05:10:00,0.0,3.78141498565673,89.8540299257293,63.362190246582,True
2018-03-10 15:30:00,0.0,3.60273599624633,64.350806373568,219.838500976562,True
2018-03-10 15:40:00,0.0,4.39177083969116,199.435894468204,214.886306762695,True
2018-03-10 15:50:00,143.88279724121,4.83906984329223,297.42633802363,218.396102905273,True
2018-03-11 18:40:00,34.5451889038085,3.67255997657775,73.7088730180303,247.20849609375,True
2018-03-11 20:20:00,43.3767700195312,4.18930912017822,158.972887392242,240.696899414062,True
2018-03-11 21:20:00,35.3020401000976,3.67269301414489,73.7274477549845,228.928894042968,True
2018-03-11 23:00:00,6.80520105361938,4.10793399810791,143.302674636846,190.519500732421,True
2018-03-13 09:40:00,1546.21301269531,10.6852502822875,3149.61311783181,219.173599243164,True
2018-03-13 09:50:00,565.88818359375,13.4711399078369,3600.0,208.012802124023,True
2018-03-13 15:40:00,865.125183105468,10.0793800354003,2840.47879900884,243.961807250976,True
2018-03-15 16:50:00,0.0,3.78016901016235,89.6585030786118,195.801803588867,True
2018-03-17 12:00:00,460.613006591796,11.4997701644897,3421.76319786082,184.563003540039,True
2018-03-17 12:10:00,0.0,11.5720596313476,3439.12096524302,188.731506347656,True
2018-03-17 12:20:00,0.0,12.5325002670288,3581.4808619709,193.175506591796,True
2018-03-17 12:30:00,0.0,9.69958114624023,2590.70781332855,188.223999023437,True
2018-03-17 12:40:00,0.0,10.4375,3035.46196289062,190.389999389648,True
2018-03-17 12:50:00,0.0,10.8122701644897,3202.05378351502,190.23680114746,True
2018-03-17 13:00:00,0.0,11.2337198257446,3348.86725270526,197.921798706054,True
2018-03-18 13:30:00,1505.60803222656,12.6484098434448,3588.55737826807,206.157394409179,True
2018-03-18 13:40:00,0.0,13.8896503448486,3600.0,214.473403930664,True
2018-03-18 13:50:00,1135.30603027343,13.2479400634765,3600.0,220.921401977539,True
2018-03-19 09:20:00,1.38746798038482,9.13621997833251,2232.15089507846,206.500305175781,True
2018-03-19 09:30:00,589.591125488281,8.17903137207031,1634.12636263969,200.55679321289,True
2018-03-20 21:10:00,170.998596191406,10.3206996917724,2975.91408938667,234.006301879882,True
2018-03-20 21:20:00,0.0,9.72073459625244,2605.87267018347,230.97720336914,True
2018-03-20 21:30:00,0.0,10.2089395523071,2915.31996793877,228.498092651367,True
2018-03-20 21:40:00,776.700378417968,11.0628004074096,3294.16708801409,224.150802612304,True
2018-03-21 22:40:00,0.0,3.59451699256896,63.3005801184672,20.3258895874023,True
2018-03-21 23:20:00,0.0,4.61272001266479,246.247534636355,55.4835205078125,True
2018-03-21 23:30:00,0.0,4.90536308288574,313.086271463021,55.0807189941406,True
2018-03-21 23:40:00,38.640510559082,4.48570585250854,218.98022630214,51.0655288696289,True
2018-03-23 03:10:00,0.0,10.7746896743774,3186.95297580336,222.441802978515,True
2018-03-23 03:20:00,683.720397949218,11.1783895492553,3331.85557561928,219.996002197265,True
2018-03-23 15:30:00,0.0,4.42635297775268,206.571702823753,201.651306152343,True
2018-03-23 15:40:00,0.0,5.23743295669555,396.542658321155,178.677001953125,True
2018-03-23 15:50:00,0.0,3.76845288276672,87.8320788911342,184.391998291015,True
2018-03-23 16:00:00,0.0,3.59528803825378,63.3986451031642,256.864990234375,True
2018-03-23 18:40:00,66.1096572875976,4.29612398147583,180.047819477772,232.861694335937,True
2018-03-24 04:20:00,37.1061401367187,3.69685292243957,77.1476131590725,336.580688476562,True
2018-03-24 05:00:00,55.2299499511718,4.24361181259155,169.613169378428,55.6023406982421,True
2018-03-24 07:40:00,0.0,3.79327201843261,91.7271442080964,215.684997558593,True
2018-03-24 07:50:00,27.2613792419433,4.13142585754394,147.793421634255,214.828994750976,True
2018-03-24 12:50:00,0.0,3.55735898017883,58.6874099886018,89.2102890014648,True
2018-03-24 14:10:00,0.0,3.50917506217956,53.0343415053912,74.9908370971679,True
2018-03-24 14:30:00,25.7586307525634,3.52763199806213,55.1558659683114,88.0332717895507,True
2018-03-24 21:50:00,49.9260292053222,4.12549877166748,146.65789604248,175.19009399414,True
2018-03-26 10:40:00,19.1786708831787,9.72266674041748,2607.25017357822,188.902206420898,True
2018-03-26 10:50:00,911.87158203125,9.23949146270751,2299.38257248948,190.901000976562,True
2018-03-26 11:30:00,0.0,7.31305599212646,1163.38271142799,214.885101318359,True
2018-03-26 11:40:00,353.944213867187,6.75488901138305,909.363214420876,214.417404174804,True
2018-03-26 11:50:00,0.0,5.82200002670288,566.576597430059,0.0,True
2018-03-26 12:00:00,60.581199645996,4.65905094146728,256.4457945383,0.0,True
2018-03-26 12:30:00,7.43244409561157,4.17464017868041,156.124134442616,217.733795166015,True
2018-03-26 13:40:00,42.0278701782226,4.44809103012084,211.092416897004,187.207199096679,True
2018-03-26 16:20:00,0.0,9.17627811431884,2258.19375630963,195.69400024414,True
2018-03-26 16:30:00,0.0,9.89614677429199,2725.81983544053,189.32470703125,True
2018-03-26 16:40:00,0.0,11.2439804077148,3351.95005159828,188.742202758789,True
2018-03-26 16:50:00,0.0,9.71454524993896,2601.45143265674,189.09129333496,True
2018-03-27 00:50:00,814.07861328125,10.9085998535156,3239.20784002352,227.177307128906,True
2018-03-27 01:00:00,1183.14001464843,9.96134281158447,2767.83085415284,224.727600097656,True
2018-03-27 20:50:00,0.0,8.22023487091064,1658.52470136435,238.349304199218,True
2018-03-27 21:00:00,0.0,7.63070392608642,1326.14453703598,233.145401000976,True
2018-03-27 21:10:00,0.0,7.25960111618041,1137.26860255575,228.781005859375,True
2018-03-27 21:20:00,0.0,6.78112316131591,920.428369413155,234.232803344726,True
2018-03-27 21:30:00,0.0,6.76193904876708,912.328829050215,224.745803833007,True
2018-03-27 21:40:00,0.0,6.40538883209228,769.476768716035,225.671096801757,True
2018-03-27 21:50:00,0.0,6.04295206069946,638.574007677921,219.772796630859,True
2018-03-27 22:00:00,0.0,6.38928699493408,763.360276994217,217.021194458007,True
2018-03-27 22:10:00,0.0,6.46096086502075,790.80467482404,211.690505981445,True
2018-03-27 22:20:00,0.0,6.79652786254882,926.963805890846,217.904907226562,True
2018-03-27 22:30:00,0.0,6.91367101669311,977.595319342896,220.351104736328,True
2018-03-27 22:40:00,0.0,6.90505218505859,973.813145531642,226.259902954101,True
2018-03-27 22:50:00,0.0,6.77427816390991,917.533415561208,232.509506225585,True
2018-03-27 23:00:00,0.0,6.44664287567138,785.277151976024,229.817794799804,True
2018-03-28 07:20:00,42.5263481140136,4.12658500671386,146.865873167854,172.865203857421,True
2018-03-28 11:40:00,0.0,3.66100192070007,72.1059445959372,6.32695722579956,True
2018-03-28 11:50:00,0.0,3.63025999069213,67.9465321715288,9.64589786529541,True
2018-03-28 12:20:00,0.0,3.67545390129089,74.1135626628356,357.816497802734,True
2018-03-28 13:10:00,0.0,3.85581398010253,101.979452846397,356.037292480468,True
2018-03-28 13:40:00,0.0,4.93133783340454,319.309013236321,0.0,True
2018-03-28 13:50:00,0.0,5.51165914535522,472.360122351369,27.2505302429199,True
2018-03-28 14:00:00,0.0,6.8687310218811,957.974572892091,45.1767883300781,True
2018-03-29 18:00:00,0.0,3.60460495948791,64.591131266604,46.7882499694824,True
2018-03-29 23:40:00,0.0,3.51868605613708,54.1207717828702,324.725799560546,True
2018-03-30 04:30:00,23.4937496185302,3.70715188980102,78.6339640935657,321.680694580078,True
2018-03-30 14:50:00,0.0,3.52204990386962,54.5084850942512,206.529907226562,True
2018-04-01 15:30:00,725.408203125,16.3852806091308,3600.0,227.29490661621,True
2018-04-01 15:40:00,0.0,15.8760204315185,3600.0,226.223098754882,True
2018-04-01 15:50:00,0.0,16.5045890808105,3600.0,224.26480102539,True
2018-04-01 16:00:00,0.0,17.3643703460693,3600.0,225.964797973632,True
2018-04-01 16:10:00,0.0,14.4442300796508,3600.0,229.180404663085,True
2018-04-01 16:20:00,0.0,13.4463500976562,3600.0,228.234405517578,True
2018-04-01 16:30:00,0.0,13.3580303192138,3600.0,231.206893920898,True
2018-04-01 18:20:00,0.0,9.82213115692138,2676.45537194235,249.891006469726,True
2018-04-01 18:30:00,0.0,11.4572601318359,3411.07797799103,239.779296875,True
2018-04-01 18:40:00,0.0,11.5135297775268,3425.14552478755,244.600494384765,True
2018-04-01 19:10:00,0.0,9.85277557373046,2697.11146347125,274.032592773437,True
2018-04-01 19:20:00,0.0,8.72174167633056,1966.38684153236,272.279205322265,True
2018-04-01 19:30:00,1042.36694335937,9.35633277893066,2375.7620463826,273.864105224609,True
2018-04-01 20:00:00,0.0,9.07522296905517,2192.59291118376,275.924102783203,True
2018-04-01 20:10:00,0.0,8.83721256256103,2039.62409735616,275.919403076171,True
2018-04-01 20:20:00,922.249328613281,8.53102111816406,1847.15743305302,270.323211669921,True
2018-04-01 22:00:00,328.309814453125,10.6878795623779,3150.73932489508,253.145294189453,True
2018-04-01 22:10:00,1085.0810546875,10.0381803512573,2815.61389537411,267.749298095703,True
2018-04-02 00:20:00,70.4109725952148,4.58770990371704,240.799314787204,251.31689453125,True
2018-04-02 00:30:00,0.0,4.05370998382568,133.036409019819,278.753387451171,True
2018-04-02 00:40:00,0.0,3.73396611213684,82.5834158896005,246.572402954101,True
2018-04-02 00:50:00,0.0,5.13246297836303,369.220531434263,228.74429321289,True
2018-04-02 01:00:00,0.0,5.11688804626464,365.242828062776,246.820602416992,True
2018-04-02 01:10:00,0.0,6.59464597702026,843.512949564701,191.551193237304,True
2018-04-02 01:20:00,0.0,5.48027276992797,463.342872171287,211.203796386718,True
2018-04-02 01:30:00,0.0,6.73948287963867,902.902926803949,225.637298583984,True
2018-04-02 01:40:00,0.0,7.3136658668518,1163.68299396808,217.477706909179,True
2018-04-02 01:50:00,0.0,7.29004096984863,1152.08965334398,225.601303100585,True
2018-04-02 02:00:00,0.0,8.14353656768798,1613.23418742177,216.976501464843,True
2018-04-02 02:10:00,0.0,7.151123046875,1085.49544921296,233.284103393554,True
2018-04-02 02:20:00,0.0,8.18540287017822,1637.88904030978,240.050003051757,True
2018-04-02 02:30:00,0.0,10.5773496627807,3101.87445311302,255.788192749023,True
2018-04-02 02:40:00,0.0,10.0206403732299,2804.8689738443,247.590301513671,True
2018-04-02 02:50:00,0.0,10.0061998367309,2795.95086388367,238.077804565429,True
2018-04-02 03:00:00,0.0,10.6279296875,3124.62483452614,237.337203979492,True
2018-04-02 03:10:00,0.0,11.3077602386474,3370.61488803712,236.168106079101,True
2018-04-02 03:20:00,0.0,11.3035297393798,3369.40322753335,239.716400146484,True
2018-04-02 03:30:00,0.0,12.0701704025268,3532.44244994643,251.964706420898,True
2018-04-02 03:40:00,0.0,12.9765195846557,3597.8656023587,254.80940246582,True
2018-04-02 03:50:00,0.0,11.4111204147338,3399.0734964126,259.036102294921,True
2018-04-02 04:00:00,0.0,10.9056596755981,3238.10644368212,262.275207519531,True
2018-04-02 04:10:00,0.0,12.1598596572875,3544.64931227485,269.157012939453,True
2018-04-02 04:20:00,0.0,11.0290803909301,3282.61301667021,265.382202148437,True
2018-04-02 04:30:00,0.0,8.9585256576538,2117.28914124537,257.481811523437,True
2018-04-02 04:40:00,0.0,9.38254261016845,2392.93134614012,257.423797607421,True
2018-04-02 04:50:00,0.0,8.95775508880615,2116.79371845834,257.595611572265,True
2018-04-02 05:00:00,0.0,8.09333610534667,1583.89090797392,253.874298095703,True
2018-04-02 05:10:00,0.0,7.53877782821655,1277.98147240247,266.345611572265,True
2018-04-02 05:20:00,0.0,7.23792505264282,1126.79380452062,262.742889404296,True
2018-04-02 05:30:00,0.0,8.103759765625,1589.96371377189,0.0,True
2018-04-02 05:40:00,27.903730392456,7.37771892547607,1195.51975051606,0.0,True
2018-04-02 06:20:00,316.893096923828,6.24282217025756,709.015675836435,272.866485595703,True
2018-04-02 07:40:00,246.755294799804,5.92242908477783,599.129942544237,261.679504394531,True
2018-04-02 08:20:00,0.0,5.03510093688964,344.669785369896,280.25210571289,True
2018-04-02 08:30:00,0.0,5.77938318252563,553.076378539283,272.356292724609,True
2018-04-02 08:40:00,0.0,4.91876411437988,316.290558110759,278.803497314453,True
2018-04-02 08:50:00,0.0,4.12414121627807,146.398049928773,266.222686767578,True
2018-04-02 09:00:00,0.0,4.1869740486145,158.518691171383,250.772994995117,True
2018-04-02 09:10:00,0.0,4.14972209930419,151.309371879846,251.976593017578,True
2018-04-02 09:20:00,0.0,5.02637720108032,342.506139777807,267.334411621093,True
2018-04-02 09:30:00,0.0,4.64017009735107,252.273098213173,268.477111816406,True
2018-04-02 09:40:00,0.0,5.02803182601928,342.916066872087,272.709014892578,True
2018-04-02 09:50:00,0.0,4.94401979446411,322.365272646741,270.609405517578,True
2018-04-02 10:00:00,0.0,3.99721193313598,127.465313027456,279.575592041015,True
2018-04-02 10:10:00,0.0,4.9915919303894,333.936699764893,263.230407714843,True
2018-04-02 10:20:00,0.0,4.57224321365356,237.44973205292,277.229309082031,True
2018-04-02 10:30:00,0.0,4.37637186050415,196.280247164021,272.2578125,True
2018-04-02 10:40:00,0.0,4.11501312255859,144.653157332988,280.049102783203,True
2018-04-02 10:50:00,0.0,5.04616403579711,347.422079870891,270.136810302734,True
2018-04-02 11:00:00,0.0,3.91592001914978,112.42219913114,283.852386474609,True
2018-04-02 11:10:00,0.0,4.25173282623291,171.217436515003,274.77099609375,True
2018-04-02 11:20:00,0.0,4.13131523132324,147.772212104265,291.916900634765,True
2018-04-02 11:30:00,0.0,5.21635389328002,390.983363373676,270.155609130859,True
2018-04-02 11:40:00,0.0,5.56280517578125,487.249699339986,268.334594726562,True
2018-04-02 11:50:00,0.0,4.94529485702514,322.673212595046,289.045288085937,True
2018-04-02 12:00:00,0.0,4.78285598754882,284.391711910521,287.574401855468,True
2018-04-02 12:10:00,160.827606201171,5.0889868736267,358.165394399804,277.745300292968,True
2018-04-02 13:00:00,86.8192672729492,5.74285697937011,541.651557596719,294.119384765625,True
2018-04-02 13:10:00,0.0,5.54650497436523,482.477907478363,293.397705078125,True
2018-04-02 13:20:00,0.0,4.29606008529663,180.035034053748,276.317810058593,True
2018-04-03 03:30:00,0.0,3.56144404411315,59.1837625852322,4.85272884368896,True
2018-04-03 14:00:00,3.41220188140869,3.64177894592285,69.487343503919,44.6776390075683,True
2018-04-03 15:40:00,0.0,3.57705903053283,61.1056589546106,44.1199302673339,True
2018-04-03 15:50:00,65.7856903076171,4.14307785034179,150.030682166231,46.237060546875,True
2018-04-03 20:10:00,0.0,3.51551508903503,53.756947410945,63.065818786621,True
2018-04-03 20:30:00,40.4468383789062,3.9384000301361,116.476370289111,62.7738609313964,True
2018-04-03 21:10:00,0.0,3.78180193901062,89.9148037956011,72.3511886596679,True
2018-04-03 21:20:00,0.0,4.16181993484497,153.643145651714,68.7891616821289,True
2018-04-03 21:30:00,0.0,4.00978899002075,124.819595759398,72.386863708496,True
2018-04-03 21:40:00,16.9283294677734,3.7862160205841,90.6097631405401,65.6844100952148,True
2018-04-03 21:50:00,26.2645797729492,3.55337190628051,58.2055383338193,68.6832275390625,True
2018-04-04 00:20:00,23.816120147705,3.51372098922729,53.5518120370871,85.1722412109375,True
2018-04-04 02:20:00,12.2146196365356,3.6316020488739,68.1249574153017,62.0969314575195,True
2018-04-04 04:00:00,27.0055408477783,3.94193911552429,117.121995485152,71.4689483642578,True
2018-04-04 04:20:00,22.9098396301269,3.58195996284484,61.7169106793854,77.0549163818359,True
2018-04-04 04:30:00,14.2194499969482,3.52914905548095,55.3326676087017,70.7881927490234,True
2018-04-04 19:20:00,0.0,4.22600221633911,166.146190033051,167.336303710937,True
2018-04-04 19:30:00,0.0,3.66184711456298,72.2224359104439,181.397003173828,True
2018-04-04 19:40:00,0.0,3.77553701400756,88.9337972559042,182.875900268554,True
2018-04-04 20:00:00,0.0,3.5332429409027,55.8116168306924,163.177200317382,True
2018-04-04 20:30:00,0.0,4.25270795822143,171.410299671556,0.0,True
2018-04-04 20:40:00,0.0,4.39665079116821,200.438714085977,164.278594970703,True
2018-04-05 00:10:00,0.0,4.3225769996643,185.359839342029,216.996002197265,True
2018-04-05 00:20:00,0.0,6.03808307647705,636.911281249723,217.38980102539,True
2018-04-05 00:30:00,0.0,6.32047605514526,737.539519946747,217.665802001953,True
2018-04-05 00:40:00,0.0,6.15233707427978,676.595981872205,219.634201049804,True
2018-04-05 00:50:00,0.0,6.6343650817871,859.56014315601,221.95750427246,True
2018-04-05 01:00:00,0.0,7.58798694610595,1303.62655795462,219.607803344726,True
2018-04-05 01:10:00,0.0,7.35432815551757,1183.82458583838,214.708999633789,True
2018-04-05 01:20:00,0.0,6.7445068359375,905.006572243793,216.052307128906,True
2018-04-05 01:30:00,0.0,6.77525186538696,917.944884614485,217.34519958496,True
2018-04-05 01:40:00,0.0,6.53063297271728,818.025527495542,216.606994628906,True
2018-04-05 01:50:00,0.0,6.43919277191162,782.409929779187,213.98469543457,True
2018-04-05 02:00:00,0.0,6.44134521484375,783.237685058991,213.514205932617,True
2018-04-05 02:10:00,0.0,6.36067676544189,752.562042755282,216.64729309082,True
2018-04-05 02:20:00,0.0,6.47971296310424,798.078200924803,215.18179321289,True
2018-04-05 02:30:00,0.0,5.93538999557495,603.407980084446,218.33479309082,True
2018-04-05 02:40:00,0.0,6.17352199554443,684.107649112478,220.368896484375,True
2018-04-05 02:50:00,0.0,6.79366016387939,925.745050000397,220.367492675781,True
2018-04-05 03:00:00,0.0,6.9047999382019,973.702590653905,219.360397338867,True
2018-04-05 03:10:00,0.0,7.50980806350708,1263.03473324507,220.637603759765,True
2018-04-05 03:20:00,0.0,7.36469602584838,1188.99854683195,221.383499145507,True
2018-04-05 03:30:00,0.0,6.89531183242797,969.549818489107,222.107192993164,True
2018-04-05 03:40:00,0.0,5.99901819229125,624.669325826035,224.306396484375,True
2018-04-05 03:50:00,0.0,6.43597602844238,781.173830026266,224.739303588867,True
2018-04-05 04:00:00,0.0,5.90049982070922,591.932031302391,227.24119567871,True
2018-04-05 04:10:00,0.0,6.76296520233154,912.760971158823,232.744094848632,True
2018-04-05 04:20:00,0.0,6.29663181304931,728.711869009891,232.707595825195,True
2018-04-05 04:30:00,30.5550193786621,5.48590898513793,464.95548767863,226.615203857421,True
2018-04-05 05:30:00,0.0,4.2871708869934,178.258457652607,201.204696655273,True
2018-04-05 05:40:00,0.0,3.81433391571044,95.1098634048394,202.413101196289,True
2018-04-06 10:10:00,0.0,3.68283700942993,75.1520948175348,82.1762771606445,True
2018-04-07 08:40:00,0.0,3.65046906471252,70.6638104026397,148.36669921875,True
2018-04-07 09:10:00,25.806640625,3.92428398132324,113.921157652803,120.939300537109,True
2018-04-07 11:40:00,14.2128200531005,3.75473594665527,85.7216582268593,55.1088790893554,True
2018-04-07 12:10:00,1.51406705379486,3.52009797096252,54.2832870227476,66.6399536132812,True
2018-04-07 13:10:00,0.0,3.73802709579467,83.1915865955998,124.993698120117,True
2018-04-07 13:30:00,0.0,3.56815910339355,60.0054726501112,139.47200012207,True
2018-04-07 15:00:00,99.9489135742187,4.80710411071777,289.987167693358,51.6041107177734,True
2018-04-07 16:30:00,0.0,4.02977895736694,128.548590044555,52.788890838623,True
2018-04-07 18:50:00,0.0,6.16832590103149,682.260793537073,52.2198104858398,True
2018-04-07 19:00:00,0.0,5.47983312606811,463.21720481439,56.4780693054199,True
2018-04-07 20:20:00,0.0,6.65981721878051,869.937789702956,51.2136001586914,True
2018-04-07 20:30:00,0.0,7.69664096832275,1361.35825685642,35.2648086547851,True
2018-04-07 20:40:00,519.513122558593,8.32384395599365,1720.54051770186,35.394359588623,True
2018-04-08 01:20:00,66.8750610351562,4.14202117919921,149.827523061863,27.7457199096679,True
2018-04-08 01:30:00,29.4174709320068,3.66970705986022,73.311229597658,42.4870491027832,True
2018-04-08 02:40:00,0.0,3.53800201416015,56.3717578323557,106.039199829101,True
2018-04-08 05:00:00,0.0,3.74750709533691,84.6215756571037,93.2246017456054,True
2018-04-08 05:10:00,133.820404052734,4.71824121475219,269.678325457605,67.3611679077148,True
2018-04-08 05:50:00,75.9088897705078,4.65031909942626,254.513172576984,45.6976318359375,True
2018-04-08 11:50:00,676.996887207031,10.5665302276611,3096.92163097247,55.1219100952148,True
2018-04-08 12:00:00,1523.251953125,11.0680198669433,3295.93267938451,56.2619018554687,True
2018-04-09 06:40:00,29.5401191711425,3.6042149066925,64.5409292917147,75.3414993286132,True
2018-04-09 07:50:00,0.0,3.56557893753051,59.6888887672285,85.3547134399414,True
2018-04-09 08:30:00,16.1333503723144,3.84632492065429,100.383667166577,75.0270385742187,True
2018-04-09 11:30:00,17.31734085083,3.95521807670593,119.562304379852,78.7588272094726,True
2018-04-09 11:50:00,59.7431411743164,4.00268411636352,123.498507750464,82.4991607666015,True
2018-04-10 09:50:00,44.5563011169433,3.92838406562805,114.660047965063,54.3663482666015,True
2018-04-10 11:10:00,1.63373005390167,3.544851064682,57.1842486846335,53.2495307922363,True
2018-04-10 18:50:00,53.7928581237792,3.97835493087768,123.8816274499,70.9907989501953,True
2018-04-10 20:20:00,19.4797496795654,3.82691192626953,97.1638483451679,115.999298095703,True
2018-04-10 23:30:00,0.0,3.7797360420227,89.5906169630653,235.576599121093,True
2018-04-11 05:10:00,0.0,3.64884400367736,70.4428914063219,170.645599365234,True
2018-04-11 05:20:00,0.0,4.12670803070068,146.889431657174,169.727600097656,True
2018-04-11 05:30:00,0.0,4.83735179901123,297.024677481596,162.564895629882,True
2018-04-11 14:20:00,31.7591590881347,3.80552196502685,93.6859537721175,245.84129333496,True
2018-04-11 20:00:00,67.8382263183593,4.21773290634155,164.523619874135,218.689697265625,True
2018-04-11 20:40:00,14.3941402435302,3.7582631111145,86.2614552098275,222.43310546875,True
2018-04-11 21:30:00,25.7334194183349,4.16338777542114,153.946120862616,244.316497802734,True
2018-04-12 14:30:00,0.0,3.5840299129486,61.9762323518562,31.4283599853515,True
2018-04-12 15:50:00,0.0,3.77676200866699,89.1251217260142,45.5138282775878,True
2018-04-12 16:00:00,49.8664093017578,3.94982600212097,118.56798681228,42.4685516357421,True
2018-04-12 16:40:00,55.4895782470703,4.05182600021362,132.68215915391,51.9411811828613,True
2018-04-13 13:10:00,0.0,3.51703810691833,53.9314917418424,32.5516891479492,True
2018-04-13 14:50:00,43.6965408325195,3.99051690101623,126.186439328424,53.8167610168457,True
2018-04-13 18:20:00,25.5962600708007,3.63439202308654,68.496803855237,51.092170715332,True
2018-04-13 18:30:00,40.9092788696289,3.82836604118347,97.4029371727493,50.183780670166,True
2018-04-13 18:50:00,61.6416587829589,3.97566604614257,123.375252164201,52.8474502563476,True
2018-04-13 19:00:00,18.6447505950927,3.58451509475708,62.0371147121368,58.3283805847167,True
2018-04-13 19:50:00,0.0,3.60656189918518,64.8433677773764,42.8977508544921,True
2018-04-13 20:10:00,17.2444992065429,3.63617610931396,68.7352388629952,50.6606788635253,True
2018-04-13 20:20:00,33.4777603149414,3.77022695541381,88.1072276009254,57.978660583496,True
2018-04-13 20:30:00,24.5618495941162,3.5535500049591,58.2270087979095,68.8972015380859,True
2018-04-13 20:40:00,43.9900398254394,3.79045391082763,91.2799159579008,71.1249084472656,True
2018-04-13 21:00:00,22.353660583496,3.87571096420288,105.372326280503,75.1337738037109,True
2018-04-13 22:10:00,58.3449211120605,4.02765703201293,128.151911390215,69.7496109008789,True
2018-04-13 22:50:00,0.0,3.58324790000915,61.8781818295001,57.121410369873,True
2018-04-14 00:30:00,27.0804500579833,3.6810119152069,74.8945595789237,77.4688415527343,True
2018-04-14 01:20:00,29.8708000183105,3.67984700202941,74.7304597584125,56.9911804199218,True
2018-04-14 01:40:00,0.0,3.70493292808532,78.3122883466467,68.6182632446289,True
2018-04-14 02:10:00,55.4192085266113,3.91702795028686,112.620115337766,59.5591316223144,True
2018-04-14 02:40:00,33.1596298217773,3.65076398849487,70.7039491295764,54.8779106140136,True
2018-04-14 02:50:00,38.5130882263183,3.73714995384216,83.0600028789095,56.6196403503417,True
2018-04-14 03:00:00,23.1295509338378,3.53667306900024,56.2149768472191,56.1239204406738,True
2018-04-14 05:00:00,0.0,3.55938911437988,58.933746163093,28.4544696807861,True
2018-04-14 10:00:00,0.0,3.54252099990844,56.9069948244032,68.7897033691406,True
2018-04-14 10:20:00,0.0,3.61514997482299,65.9575585163147,71.2101593017578,True
2018-04-14 10:30:00,83.6058731079101,4.45565891265869,212.672710300297,64.2602462768554,True
2018-04-16 08:10:00,0.0,3.56735706329345,59.9069490069087,131.88589477539,True
2018-04-16 08:20:00,25.6979103088378,3.81839609146118,95.7704479282729,149.63150024414,True
2018-04-16 10:40:00,0.0,3.63339400291442,68.3636451274988,140.435806274414,True
2018-04-16 11:30:00,17.6518993377685,3.93934392929077,116.648367136939,162.011093139648,True
2018-04-16 13:00:00,12.5951099395751,3.67513990402221,74.0695881289612,141.751007080078,True
2018-04-16 21:10:00,17.0070896148681,3.7660949230194,87.4671520227103,163.816299438476,True
2018-04-16 22:50:00,8.20526409149169,3.87250208854675,104.820858394972,118.999702453613,True
2018-04-17 00:20:00,23.2568607330322,3.61409592628479,65.8201741754792,98.2278366088867,True
2018-04-17 00:50:00,0.0,4.58594989776611,240.417399295817,249.802993774414,True
2018-04-17 02:30:00,0.0,3.5219988822937,54.5025908826683,128.038497924804,True
2018-04-17 02:40:00,189.189407348632,5.51741981506347,474.025007131506,172.742797851562,True
2018-04-17 05:10:00,0.0,7.81971406936645,1428.50679614163,227.192901611328,True
2018-04-17 07:00:00,0.0,3.61573791503906,66.0342676825821,0.0,True
2018-04-17 07:10:00,0.0,3.55418610572814,58.3037345658713,263.597412109375,True
2018-04-17 07:40:00,16.7260494232177,3.9055860042572,110.585633024752,209.408203125,True
2018-04-17 08:10:00,0.0,3.84003210067749,99.3333416351707,197.662002563476,True
2018-04-17 09:50:00,0.0,3.57913303375244,61.3638627427426,134.867004394531,True
2018-04-17 14:20:00,0.0,3.51825404167175,54.0711094702247,64.908462524414,True
2018-04-17 14:40:00,14.2894096374511,3.8321681022644,98.0296793065681,66.6319427490234,True
2018-04-17 17:10:00,0.0,6.08449220657348,652.862698553989,70.5683517456054,True
2018-04-17 18:10:00,0.0,7.61671113967895,1318.74243697081,0.0,True
2018-04-17 18:20:00,0.0,7.42584800720214,1219.83781427434,0.0,True
2018-04-17 20:40:00,50.3009185791015,3.91155099868774,111.643649814698,52.0680503845214,True
2018-04-17 23:10:00,0.0,3.87771201133728,105.717054350452,25.1356506347656,True
2018-04-17 23:20:00,9.91019916534423,3.59034895896911,62.7721181554853,25.6026992797851,True
2018-04-17 23:40:00,26.5119705200195,4.2216100692749,165.283945844166,18.0249404907226,True
2018-04-17 23:50:00,56.7718315124511,4.17584609985351,156.35792407371,26.3734302520751,True
2018-04-18 00:00:00,57.5902786254882,4.12086200714111,145.770749670137,33.7763290405273,True
2018-04-18 09:30:00,58.1975593566894,3.94052505493164,116.863792074145,59.1611709594726,True
2018-04-18 10:00:00,34.5155792236328,3.69484496116638,76.8598003619891,63.7383804321289,True
2018-04-18 11:00:00,28.5929508209228,4.18843603134155,158.803030413769,26.3444194793701,True
2018-04-18 20:30:00,18.8206996917724,13.8496103286743,3600.0,54.2974586486816,True
2018-04-18 20:40:00,0.0,14.2258901596069,3600.0,57.3494415283203,True
2018-04-18 20:50:00,0.0,14.2512502670288,3600.0,56.3392601013183,True
2018-04-20 10:00:00,0.0,8.33985996246337,1730.20855518562,29.5681800842285,True
2018-04-21 21:50:00,0.0,3.6573851108551,71.6087382652813,77.8136596679687,True
2018-04-22 12:30:00,0.0,3.92832589149475,114.649545393394,86.7689590454101,True
2018-04-23 02:00:00,0.0,3.56133794784545,59.1708376663628,160.465393066406,True
2018-04-23 02:10:00,59.276138305664,4.2843861579895,177.702773221317,165.500595092773,True
2018-04-23 03:40:00,67.8074035644531,5.16898298263549,378.623967375041,199.43359375,True
2018-04-23 03:50:00,0.0,5.18965101242065,383.993733306746,205.10530090332,True
2018-04-23 04:00:00,0.0,5.10555219650268,362.359919610112,215.137405395507,True
2018-04-23 04:10:00,0.0,5.00708103179931,337.741081715075,210.426803588867,True
2018-04-23 04:20:00,65.7759475708007,5.21403121948242,390.373051223412,209.055801391601,True
2018-04-23 15:40:00,0.0,3.65028190612792,70.6383455910836,22.2713794708251,True
2018-04-24 04:10:00,107.162399291992,4.50017595291137,222.036944212954,113.389099121093,True
2018-04-24 10:50:00,43.353458404541,4.11351823806762,144.367779982477,36.4023208618164,True
2018-04-24 12:50:00,13.1249799728393,4.07314109802246,136.699593665801,71.4708633422851,True
2018-04-24 21:40:00,32.7070693969726,3.74038004875183,83.5451708872397,78.8837890625,True
2018-04-25 09:40:00,0.0,3.51748204231262,53.9824384832873,84.7367477416992,True
2018-04-25 14:00:00,25.2054500579833,3.84958696365356,100.930623541721,10.9446296691894,True
2018-04-26 17:00:00,16.9738006591796,4.44514179229736,210.477474996824,144.865905761718,True
2018-04-26 18:10:00,44.5382194519042,4.38499593734741,198.045897798306,76.2650527954101,True
2018-04-26 19:10:00,0.0,3.96497106552124,121.372606680136,72.4570007324218,True
2018-04-27 00:20:00,0.0,3.68855595588684,75.9625349393582,334.347991943359,True
2018-04-27 00:30:00,22.6282806396484,3.89330506324768,108.425276905841,319.305603027343,True
2018-04-27 01:40:00,11.3903903961181,3.73269891738891,82.3941816398765,287.072113037109,True
2018-04-27 01:50:00,26.1863002777099,3.51382207870483,53.5633568037192,298.976287841796,True
2018-04-28 12:10:00,206.372497558593,6.24080801010131,708.284472010464,36.1341209411621,True
2018-04-28 12:20:00,0.0,7.49655389785766,1256.19587819989,25.9638309478759,True
2018-04-28 12:30:00,0.0,6.67854690551757,877.621958607692,25.5699405670166,True
2018-04-28 12:40:00,0.0,6.76818513870239,914.961156200497,59.4100494384765,True
2018-04-28 12:50:00,0.0,7.33093214035034,1172.20649242977,50.5326194763183,True
2018-04-28 13:00:00,0.0,6.69572210311889,884.703931207189,45.6536293029785,True
2018-04-28 13:10:00,0.0,6.31816005706787,736.679393068872,52.4913787841796,True
2018-04-29 10:00:00,0.0,3.62780904769897,67.6214255561827,131.187606811523,True
2018-04-29 12:30:00,0.0,3.66250395774841,72.3130461705341,72.2981567382812,True
2018-04-30 02:00:00,11.65754032135,3.82814097404479,97.3659090007832,85.0752334594726,True
2018-04-30 02:10:00,13.2082796096801,3.61005997657775,65.2957732522527,83.4166107177734,True
2018-04-30 02:30:00,17.1301403045654,4.07231521606445,136.543542713019,80.8188018798828,True
2018-04-30 02:40:00,46.5290985107421,4.23449420928955,167.816100430481,73.0081634521484,True
2018-04-30 02:50:00,34.6688804626464,3.94564795494079,117.800738932802,72.5074081420898,True
2018-04-30 03:00:00,26.1413707733154,3.81147003173828,94.6457300083711,70.6737365722656,True
2018-04-30 03:10:00,43.7663383483886,3.96542096138,121.456481377912,69.0908584594726,True
2018-04-30 03:20:00,37.6326599121093,3.93353605270385,115.592318622355,69.6781616210937,True
2018-04-30 03:30:00,33.3517799377441,3.86361789703369,103.30264247123,67.7183990478515,True
2018-04-30 03:40:00,12.2721099853515,3.66738700866699,72.9888178243418,66.827522277832,True
2018-04-30 04:00:00,0.0,3.77340292930603,88.6010610225248,78.462417602539,True
2018-04-30 04:10:00,58.1570205688476,4.16148900985717,153.579211959174,73.4073333740234,True
2018-04-30 04:40:00,4.29966878890991,3.78868699073791,91.0001572523515,85.8199615478515,True
2018-04-30 04:50:00,13.9607896804809,3.52726197242736,55.1127981231157,75.9750671386718,True
2018-04-30 05:00:00,13.637900352478,3.56131291389465,59.1677882290214,77.5976333618164,True
2018-04-30 05:40:00,0.0,3.54015898704528,56.6268260883126,74.5738677978515,True
2018-04-30 06:00:00,0.0,3.67020392417907,73.3803895725332,87.3215026855468,True
2018-04-30 07:10:00,0.0,3.64993500709533,70.591161302892,87.4823379516601,True
2018-04-30 07:20:00,37.6309394836425,4.00508022308349,123.943793188994,83.1434783935546,True
2018-04-30 07:30:00,28.284080505371,3.9152181148529,112.296915495685,76.2459030151367,True
2018-04-30 07:40:00,15.4185800552368,3.75682806968688,86.0415963952591,76.8337936401367,True
2018-04-30 07:50:00,17.2345294952392,3.6138379573822,65.7865776700828,73.6895523071289,True
2018-04-30 08:50:00,0.0,3.84831690788269,100.717467148218,77.0998001098632,True
2018-04-30 15:00:00,0.0,6.52375078201293,815.312652150223,38.6068000793457,True
2018-04-30 15:10:00,0.0,6.3614330291748,752.846329986562,35.4726295471191,True
2018-04-30 20:30:00,21.3890991210937,3.90594911575317,110.649875730818,318.478393554687,True
2018-04-30 20:40:00,59.0817604064941,4.06838083267211,135.800571710542,318.567504882812,True
2018-04-30 20:50:00,85.6490020751953,4.352294921875,191.372852559429,317.940307617187,True
2018-04-30 21:30:00,41.2497215270996,3.83246898651123,98.0793766486022,309.839385986328,True
2018-05-01 02:00:00,3.14800000190734,4.10211706161499,142.194759604694,287.342987060546,True
2018-05-01 03:40:00,24.9011306762695,3.54205989837646,56.8522314222791,283.82339477539,True
2018-05-01 04:00:00,0.0,3.83016800880432,97.6996901091088,295.446502685546,True
2018-05-01 04:10:00,59.6653518676757,4.04162120819091,130.766138949681,295.165405273437,True
2018-05-01 04:20:00,61.5114212036132,4.03737688064575,129.970629111348,300.956512451171,True
2018-05-01 04:50:00,79.544921875,4.30932712554931,182.694422903744,314.169006347656,True
2018-05-01 05:00:00,52.6827011108398,4.07855796813964,137.723899286094,321.648712158203,True
2018-05-01 05:10:00,13.8781204223632,3.72001194953918,80.5137589835913,321.931396484375,True
2018-05-01 14:30:00,0.0,3.55085110664367,57.9021907478427,192.591094970703,True
2018-05-01 15:00:00,0.0,3.67197108268737,73.6266855234398,180.927200317382,True
2018-05-01 15:10:00,63.1004791259765,4.17186403274536,155.58620234485,184.468002319335,True
2018-05-01 17:20:00,51.4593315124511,3.90863299369812,111.125369177284,268.654113769531,True
2018-05-01 18:30:00,10.7571897506713,3.76566910743713,87.4013460046745,218.499694824218,True
2018-05-01 22:20:00,0.0,3.72819709777832,81.7239881859277,276.064514160156,True
2018-05-01 22:30:00,21.5261192321777,3.73949790000915,83.412504329729,282.372497558593,True
2018-05-02 01:40:00,0.0,3.61102795600891,65.4213076342394,218.703796386718,True
2018-05-02 03:30:00,58.7364883422851,3.94473791122436,117.633990831546,177.004196166992,True
2018-05-02 04:50:00,0.0,3.52549910545349,54.9079161611053,204.258895874023,True
2018-05-02 05:00:00,0.0,3.78960609436035,91.1456177596119,205.158004760742,True
2018-05-02 05:10:00,28.7536506652832,3.81456089019775,95.1467039935087,213.698806762695,True
2018-05-02 05:20:00,43.1241989135742,3.815838098526,95.3541633933537,223.014495849609,True
2018-05-02 15:40:00,-0.0004666667082346,3.94293093681335,117.303290106004,45.0022087097167,True
2018-05-02 15:50:00,13.4087295532226,3.54405999183654,57.0900217161443,50.2625312805175,True
2018-05-02 18:30:00,65.3965530395507,4.05171680450439,132.661631798867,159.640792846679,True
2018-05-02 19:30:00,115.321502685546,6.30531120300292,731.918055410777,199.283706665039,True
2018-05-02 19:40:00,121.152702331542,5.61065292358398,501.401651166502,205.860702514648,True
2018-05-03 01:10:00,21.156509399414,3.96248507499694,120.909723967253,65.6397018432617,True
2018-05-03 01:20:00,52.7183685302734,4.02676916122436,127.985990335287,57.3843002319335,True
2018-05-03 01:30:00,30.5282096862792,3.67312407493591,73.7876520186155,44.3932189941406,True
2018-05-03 01:50:00,0.0,3.77209711074829,88.397823418014,73.658203125,True
2018-05-03 02:00:00,5.88739919662475,3.64312410354614,69.6686603184389,68.4568176269531,True
2018-05-03 05:30:00,0.0,4.9327597618103,319.651095488494,109.226402282714,True
2018-05-03 05:40:00,0.0,5.62726020812988,506.364553467789,109.47720336914,True
2018-05-03 05:50:00,77.2525177001953,5.34176206588745,424.610644311806,99.0705337524414,True
2018-05-03 06:50:00,220.983993530273,6.70075988769531,886.787671804787,85.0036010742187,True
2018-05-03 07:00:00,0.0,5.83581399917602,570.992361548042,94.3138732910156,True
2018-05-03 07:10:00,0.0,5.10792779922485,362.963231293328,94.6228408813476,True
2018-05-03 07:20:00,0.0,5.00526809692382,337.294851923484,96.7563934326171,True
2018-05-03 07:30:00,0.0,6.04698801040649,639.954178772081,86.459228515625,True
2018-05-03 07:40:00,0.0,5.73962783813476,540.64796017449,87.939468383789,True
2018-05-03 07:50:00,0.0,5.47751903533935,462.556038475209,85.2200698852539,True
2018-05-03 08:00:00,0.0,6.56582689285278,831.981351004846,75.5708236694335,True
2018-05-03 08:10:00,0.0,6.25019407272338,711.695627271859,68.8198471069335,True
2018-05-03 08:20:00,0.0,6.77495718002319,917.820343945592,59.3331489562988,True
2018-05-03 08:30:00,0.0,5.97935199737548,618.051581562943,68.9047927856445,True
2018-05-03 08:40:00,0.0,5.71266889572143,532.309740130291,64.0324783325195,True
2018-05-03 08:50:00,0.0,5.68886089324951,525.005817689553,62.4731903076171,True
2018-05-03 09:00:00,0.0,5.35996580123901,429.60398805671,66.0283126831054,True
2018-05-03 09:10:00,0.0,4.43136596679687,207.611791396956,71.1894073486328,True
2018-05-03 09:20:00,0.0,4.76061391830444,279.294882324915,71.6074981689453,True
2018-05-03 09:30:00,0.0,4.72090101242065,270.278407926158,76.054443359375,True
2018-05-03 09:40:00,0.0,4.24284505844116,169.461877543615,80.1159591674804,True
2018-05-03 09:50:00,0.0,4.52189922332763,226.649468871302,81.7411499023437,True
2018-05-03 10:30:00,7.17666387557983,3.59995007514953,63.9936098185399,77.1865081787109,True
2018-05-03 11:20:00,0.0,3.54415607452392,57.1014610600687,83.0785675048828,True
2018-05-03 12:10:00,15.3481998443603,3.92446088790893,113.952983074956,77.1159286499023,True
2018-05-03 20:20:00,0.0,3.50763010978698,52.8592297821715,74.3704299926757,True
2018-05-03 21:00:00,9.95816802978515,3.73140501976013,82.2012248667497,89.3186111450195,True
2018-05-03 22:10:00,18.9988708496093,3.99050593376159,126.184350265726,77.1435470581054,True
2018-05-03 22:20:00,36.1493911743164,3.95773410797119,120.027861180788,73.8310012817382,True
2018-05-03 22:40:00,0.0,3.69139289855957,76.3665039681946,101.642799377441,True
2018-05-03 22:50:00,20.5003509521484,3.60011601448059,64.0148509302644,87.0340423583984,True
2018-05-04 00:10:00,0.0,3.57851791381835,61.2872113708872,140.287200927734,True
2018-05-04 05:30:00,0.0,3.54425001144409,57.1126463627625,69.0481185913085,True
2018-05-04 06:20:00,25.3273696899414,3.54499793052673,57.2017533191292,79.114402770996,True
2018-05-04 07:00:00,0.0,3.66714906692504,72.9558003415186,117.917297363281,True
2018-05-04 08:00:00,0.0,3.55318689346313,58.1832397187718,104.6708984375,True
2018-05-04 10:40:00,0.0,4.43960285186767,209.32392600196,68.712532043457,True
2018-05-04 10:50:00,0.0,4.28550195693969,177.925378118956,58.0213890075683,True
2018-05-04 11:00:00,0.0,4.09973716735839,141.741937626036,62.1810493469238,True
2018-05-04 13:20:00,0.0,7.72928476333618,1378.99141782784,0.0,True
2018-05-04 22:40:00,26.776309967041,3.56932997703552,60.1494890852382,251.114807128906,True
2018-05-05 12:50:00,40.3057518005371,4.03081893920898,128.74308104686,46.8261413574218,True
2018-05-05 18:40:00,319.86880493164,6.06611919403076,646.520137957641,119.738998413085,True
2018-05-05 18:50:00,0.0,6.09372997283935,656.065299240905,115.979797363281,True
2018-05-05 23:20:00,53.8973693847656,4.09979200363159,141.752368302109,172.165298461914,True
2018-05-06 16:00:00,24.2437400817871,3.50333499908447,52.3744096749724,222.904296875,True
2018-05-06 17:40:00,6.13653802871704,3.70003294944763,77.6047448073123,230.933197021484,True
2018-05-07 08:40:00,5.07026386260986,3.69948601722717,77.5260076149762,346.558288574218,True
2018-05-07 09:20:00,5.44640111923217,3.79398298263549,91.8401735815169,287.013488769531,True
2018-05-07 10:10:00,4.4613938331604,3.57982301712036,61.4499150424563,224.623596191406,True
2018-05-07 13:10:00,0.0,5.1245322227478,367.192660171502,346.369506835937,True
2018-05-07 13:20:00,0.0,5.09649515151977,360.063884702467,345.904113769531,True
2018-05-07 13:30:00,0.0,7.17314291000366,1095.87490996362,352.991485595703,True
2018-05-07 13:40:00,0.0,8.31977844238281,1718.08976567311,0.638752698898315,True
2018-05-07 13:50:00,0.0,8.04585647583007,1556.36519737587,16.1216602325439,True
2018-05-07 14:00:00,0.0,7.09806585311889,1060.75222874054,14.1939802169799,True
2018-05-07 14:10:00,0.0,6.47787809371948,797.364780816527,6.40732479095458,True
2018-05-07 14:20:00,0.0,6.17011880874633,682.897722892725,10.8783102035522,True
2018-05-07 14:30:00,0.0,6.35212516784667,749.351734219069,9.21068000793457,True
2018-05-07 14:40:00,0.0,5.63356208801269,508.254727461277,21.6354503631591,True
2018-05-07 14:50:00,0.0,4.51232099533081,224.612202506423,11.5324602127075,True
2018-05-07 15:00:00,0.0,3.96228504180908,120.872521473051,9.81448459625244,True
2018-05-07 15:10:00,80.4955368041992,4.20454120635986,161.942405744555,19.8032703399658,True
2018-05-07 16:00:00,27.7800598144531,3.57850790023803,61.285964058643,39.5414199829101,True
2018-05-07 16:50:00,28.5347309112548,3.78994798660278,91.1997612943123,340.493713378906,True
2018-05-10 03:00:00,29.4109096527099,3.69810605049133,77.3275582343313,271.374908447265,True
2018-05-10 05:30:00,0.0,3.95631098747253,119.764407979977,251.623306274414,True
2018-05-10 05:40:00,0.0,4.17520904541015,156.234410558467,256.30630493164,True
2018-05-10 05:50:00,29.5192604064941,3.5717589855194,60.4489545383958,241.158203125,True
2018-05-10 08:10:00,0.0,3.66834306716918,73.1215745840636,267.210205078125,True
2018-05-10 10:20:00,0.0,3.95873403549194,120.213165200596,267.238586425781,True
2018-05-10 15:30:00,0.0,3.53698110580444,56.2512920250192,60.6358489990234,True
2018-05-10 16:50:00,35.4414901733398,4.15090894699096,151.538007902453,48.1776084899902,True
2018-05-10 18:00:00,0.0,3.71613001823425,79.9435368247914,76.9828567504882,True
2018-05-10 22:30:00,0.0,3.52110409736633,54.3992895390811,320.920684814453,True
2018-05-11 03:30:00,0.0,3.94561004638671,117.793790270574,331.558807373046,True
2018-05-11 04:00:00,0.0,3.82631301879882,97.065473004477,345.25210571289,True
2018-05-11 04:20:00,47.7207412719726,4.17964220046997,157.094338267753,327.16421508789,True
2018-05-11 12:10:00,0.0,4.87461376190185,305.783287579991,357.729400634765,True
2018-05-11 12:20:00,10.7171297073364,5.045832157135,347.339376842002,352.637512207031,True
2018-05-13 20:50:00,0.0,3.52082300186157,54.3668640010183,240.582107543945,True
2018-05-13 22:30:00,8.21253395080566,3.55337309837341,58.2056820282205,257.763000488281,True
2018-05-15 01:10:00,11.869270324707,3.75859594345092,86.3124946240459,196.380798339843,True
2018-05-15 15:10:00,0.0,3.59933996200561,63.9155499887311,248.248703002929,True
2018-05-15 18:30:00,0.0,3.59716701507568,63.638019993974,193.23860168457,True
2018-05-15 18:50:00,53.1783103942871,4.15079307556152,151.515683236965,192.113296508789,True
2018-05-16 09:40:00,875.807312011718,9.00766944885253,2148.93627236995,210.655303955078,True
2018-05-17 07:30:00,69.8716964721679,7.14661788940429,1083.37989820015,217.074005126953,True
2018-05-17 07:40:00,454.457214355468,6.8231029510498,938.304749226238,211.76480102539,True
2018-05-17 08:00:00,466.9794921875,7.01616382598876,1023.28178175519,227.464004516601,True
2018-05-17 08:10:00,0.0,6.70622491836547,889.051459757749,224.213897705078,True
2018-05-17 08:20:00,0.0,7.4160451889038,1214.85680430724,219.937606811523,True
2018-05-17 08:30:00,0.0,8.54265594482421,1854.36252572296,218.807693481445,True
2018-05-17 08:40:00,0.0,8.99095916748046,2138.16426334772,219.160400390625,True
2018-05-17 08:50:00,0.0,7.83867120742797,1439.00832187419,223.819900512695,True
2018-05-17 09:00:00,383.005004882812,7.47771883010864,1246.4359662989,225.714202880859,True
2018-05-18 05:30:00,0.0,3.66562891006469,72.7450727951837,177.886901855468,True
2018-05-18 05:40:00,48.6841812133789,4.01354312896728,125.518546991198,177.740005493164,True
2018-05-18 13:20:00,0.0,3.77208805084228,88.3964142872283,243.780700683593,True
2018-05-18 19:00:00,33.7793083190917,3.90945601463317,111.271411872459,222.904907226562,True
2018-05-18 20:50:00,32.4514999389648,3.69373703002929,76.701270307647,189.070205688476,True
2018-05-18 23:40:00,36.7077903747558,3.92747998237609,114.496888852705,165.229995727539,True
2018-05-19 08:00:00,19.6047897338867,3.54247498512268,56.901528282634,70.1585464477539,True
2018-05-19 09:20:00,2.96399497985839,4.11806201934814,145.235530073717,99.70068359375,True
2018-05-19 09:30:00,0.0,4.64656782150268,253.684419512977,114.499099731445,True
2018-05-19 09:40:00,0.0,3.70954298973083,78.9814760134805,102.409103393554,True
2018-05-19 10:00:00,0.0,3.55589795112609,58.5105370013307,180.271392822265,True
2018-05-19 10:10:00,33.1631088256835,3.70730996131896,78.6569092726904,162.943298339843,True
2018-05-19 13:30:00,3.78520107269287,3.51843404769897,54.0917984714506,255.956604003906,True
2018-05-19 14:40:00,0.0,4.18453788757324,158.045122458363,53.2647094726562,True
2018-05-19 14:50:00,0.0,4.76091384887695,279.363386545956,51.6052589416503,True
2018-05-19 15:00:00,12.2594699859619,5.68730306625366,524.529842621616,66.0225677490234,True
2018-05-19 17:20:00,108.366401672363,4.77049207687377,281.554294500606,121.386802673339,True
2018-05-19 18:30:00,14.0386600494384,3.78596091270446,90.5695137104822,149.060592651367,True
2018-05-20 02:30:00,0.0,3.74753499031066,84.6258046290432,81.7307586669921,True
2018-05-22 20:40:00,39.4062194824218,3.80827498435974,94.1294755268509,63.0782089233398,True
2018-05-22 21:00:00,0.0,3.66254997253417,72.3193964094971,74.0079269409179,True
2018-05-22 23:30:00,41.1425399780273,4.04636001586914,131.655293666174,75.6705093383789,True
2018-05-23 00:40:00,0.0,3.54684710502624,57.4224478628867,65.2835617065429,True
2018-05-23 00:50:00,33.841999053955,3.97814106941223,123.841310354864,66.4761962890625,True
2018-05-23 01:10:00,35.8968200683593,3.79342198371887,91.7509790188751,70.8916931152343,True
2018-05-23 01:20:00,41.804588317871,3.77805209159851,89.3268715104177,70.3333129882812,True
2018-05-23 01:30:00,44.428050994873,3.84261202812194,99.763187294765,74.7916564941406,True
2018-05-23 03:20:00,7.94340085983276,3.56748008728027,59.9220547497389,82.0753326416015,True
2018-05-23 04:10:00,25.5294208526611,3.5585970878601,58.8375633367868,80.1272277832031,True
2018-05-23 05:00:00,26.244270324707,4.02034282684326,126.786120462796,71.7425308227539,True
2018-05-23 06:10:00,0.0,3.5838611125946,61.9550595070441,85.658576965332,True
2018-05-23 09:00:00,0.0,3.59412193298339,63.2503715556231,68.6640090942382,True
2018-05-23 09:10:00,58.1231384277343,3.9849259853363,125.123967258017,69.9634628295898,True
2018-05-23 09:20:00,44.8311195373535,3.79681706428527,92.2915407720257,69.8550262451171,True
2018-05-23 10:00:00,0.0,3.69905805587768,77.4644310270851,83.9284591674804,True
2018-05-23 11:40:00,13.2877597808837,3.79477405548095,91.9660337166424,77.4833221435546,True
2018-05-23 13:20:00,68.169937133789,4.18378400802612,157.898634801508,67.0714569091796,True
2018-05-23 17:30:00,46.6729888916015,4.12931680679321,147.389170797205,90.7817306518554,True
2018-05-23 18:30:00,0.0,3.54986000061035,57.7832016412285,95.534439086914,True
2018-05-23 19:20:00,28.041259765625,3.98065996170043,124.316635612999,121.952697753906,True
2018-05-24 03:20:00,0.0,3.71004104614257,79.0539764531422,209.216003417968,True
2018-05-24 03:30:00,129.81460571289,4.71095180511474,268.036173840034,202.281600952148,True
2018-05-24 04:10:00,22.4696903228759,3.5857720375061,62.1950155941195,223.906997680664,True
2018-05-24 08:50:00,0.0,4.54376506805419,231.321194947935,69.6884384155273,True
2018-05-24 09:00:00,26.6428203582763,4.38124704360961,197.277854459314,69.8561401367187,True
2018-05-24 22:30:00,22.3020896911621,4.9308910369873,319.201555429903,54.6645011901855,True
2018-05-25 05:10:00,0.0,3.72538709640502,81.3073022554345,89.9366912841796,True
2018-05-25 05:40:00,296.938903808593,6.06554794311523,646.323514126505,49.430850982666,True
2018-05-27 04:00:00,0.0,8.62781620025634,1907.37871185154,0.0,True
2018-05-27 04:10:00,631.414184570312,8.4892406463623,1821.36290924923,90.3725128173828,True
2018-06-03 19:50:00,52.6461181640625,3.93183398246765,115.283853109487,35.5555305480957,True
2018-06-03 20:10:00,0.0,3.62897610664367,67.7761108308887,37.6230697631835,True
2018-06-03 20:20:00,94.8160171508789,4.4587287902832,213.314704993485,21.9614505767822,True
2018-06-03 20:40:00,78.554443359375,4.29729318618774,180.281812212951,6.71887397766113,True
2018-06-03 20:50:00,83.0992965698242,4.30960178375244,182.749578337163,3.95455598831176,True
2018-06-03 21:00:00,85.3302688598632,4.32426691055297,185.700475155892,359.286010742187,True
2018-06-03 22:30:00,30.129539489746,3.79993891716003,92.7902270440945,27.983039855957,True
2018-06-03 22:40:00,1.19553804397583,3.50425291061401,52.4777729686648,47.5768318176269,True
2018-06-03 22:50:00,39.3430786132812,3.80857801437377,94.1783688862524,27.5796203613281,True
2018-06-03 23:00:00,101.350700378417,4.45969486236572,213.51685122781,20.9006690979003,True
2018-06-04 01:00:00,61.0098915100097,4.14138889312744,149.705983564178,7.24909496307373,True
2018-06-04 01:20:00,89.7732467651367,4.3071231842041,182.251986013335,6.34250307083129,True
2018-06-04 02:10:00,31.2360591888427,4.02221012115478,127.134575157946,350.158905029296,True
2018-06-04 03:10:00,19.6219501495361,3.63234090805053,68.2233109771514,355.746795654296,True
2018-06-04 04:10:00,17.7543907165527,3.82901406288146,97.5095953286263,8.34773063659667,True
2018-06-04 05:10:00,47.5171813964843,3.86437511444091,103.431550739289,358.906799316406,True
2018-06-04 05:20:00,58.6878814697265,3.96826601028442,121.987637662871,357.049591064453,True
2018-06-04 05:30:00,35.6298599243164,3.67317700386047,73.7950464056603,354.174285888671,True
2018-06-04 21:00:00,25.3069705963134,3.96174907684326,120.772873403694,266.693695068359,True
2018-06-04 21:10:00,52.2754592895507,3.91396689414978,112.073779300937,258.20669555664,True
2018-06-04 23:40:00,14.3866100311279,3.72824692726135,81.7313886376114,266.862701416015,True
2018-06-05 04:20:00,52.4586296081542,3.87379789352416,105.043353290956,260.658996582031,True
2018-06-05 11:20:00,0.0,3.78902101516723,91.0530054753945,287.815795898437,True
2018-06-05 12:20:00,0.0,3.52205395698547,54.5089533438704,284.942108154296,True
2018-06-05 13:40:00,0.0,3.58082103729248,61.5745193822804,237.792098999023,True
2018-06-05 18:40:00,47.6958999633789,3.85237288475036,101.399095084625,274.780303955078,True
2018-06-05 18:50:00,31.4558391571044,3.62824702262878,67.6794504394757,261.793914794921,True
2018-06-06 07:50:00,31.7403907775878,3.70223903656005,77.9228223274258,200.158996582031,True
2018-06-06 17:40:00,0.0,3.78063011169433,89.7308332769317,65.5807571411132,True
2018-06-07 10:00:00,0.0,3.66183996200561,72.2214496087872,87.6155166625976,True
2018-06-07 10:10:00,0.0,4.02650213241577,127.936096183862,77.7637176513671,True
2018-06-07 10:20:00,0.0,3.81277894973754,94.8576960825194,80.2224884033203,True
2018-06-07 12:00:00,0.0,3.61111211776733,65.4322294071208,46.9872207641601,True
2018-06-07 12:10:00,28.8207092285156,3.8570818901062,102.19376979124,48.0271606445312,True
2018-06-07 23:10:00,0.0,3.54316306114196,56.983306835672,39.7167510986328,True
2018-06-07 23:20:00,43.5988388061523,3.93958902359008,116.693051414961,45.3970794677734,True
2018-06-07 23:40:00,51.28902053833,3.94709110260009,118.065439813145,58.0718994140625,True
2018-06-07 23:50:00,27.0904693603515,3.52605390548706,54.9723418938411,53.0300712585449,True
2018-06-09 00:00:00,0.0,3.82280206680297,96.4899254285156,51.7924194335937,True
2018-06-09 14:30:00,82.6732177734375,4.45591783523559,212.726836703948,55.1416282653808,True
2018-06-09 23:40:00,0.0,3.67250394821166,73.7010511715962,266.416198730468,True
2018-06-10 05:20:00,0.0,4.25046014785766,170.96579861514,83.5962371826171,True
2018-06-10 05:30:00,43.194278717041,3.82279992103576,96.4895742776616,72.9885864257812,True
2018-06-10 06:30:00,58.2065887451171,4.26084280014038,173.021154521385,74.6757507324218,True
2018-06-12 07:50:00,860.103271484375,9.62588787078857,2536.667048273,58.4332008361816,True
2018-06-13 19:10:00,25.4073104858398,4.04630088806152,131.644193077454,93.361099243164,True
2018-06-14 17:50:00,55.1942291259765,4.11462688446044,144.579413267934,266.085998535156,True
2018-06-15 13:00:00,0.0,4.07313823699951,136.699053019037,61.9052009582519,True
2018-06-15 13:20:00,42.0396118164062,4.03467607498168,129.464843988859,55.7182807922363,True
2018-06-15 15:50:00,0.0,3.5556149482727,58.476316004253,184.220596313476,True
2018-06-15 17:00:00,0.0,3.56854510307312,60.0529260366138,64.1016006469726,True
2018-06-15 17:30:00,46.6482505798339,3.89239907264709,108.266858713619,73.2935028076171,True
2018-06-15 19:40:00,0.0,6.17939186096191,686.197460232799,241.543106079101,True
2018-06-15 19:50:00,838.444396972656,8.35645008087158,1740.24539735734,231.524795532226,True
2018-06-16 15:50:00,0.0,17.4112892150878,3600.0,0.0,True
2018-06-16 16:00:00,1148.36499023437,17.3970603942871,3600.0,154.199996948242,True
2018-06-16 19:10:00,7.66055822372436,3.62222290039062,66.8840398341417,312.182495117187,True
2018-06-16 19:50:00,53.9224205017089,3.92907500267028,114.784828932393,64.9045791625976,True
2018-06-17 00:00:00,8.48727226257324,4.21234893798828,163.469074064756,251.752700805664,True
2018-06-17 01:40:00,18.0781192779541,3.70651388168334,78.5413934147691,258.911987304687,True
2018-06-17 06:10:00,95.2339630126953,4.82559299468994,294.281194811074,286.540710449218,True
2018-06-17 08:20:00,57.9132995605468,4.05670690536499,133.600261686656,2.57145190238952,True
2018-06-17 10:00:00,64.4970397949218,4.13468503952026,148.41854488787,8.40129947662353,True
2018-06-17 11:20:00,0.0,5.31159687042236,416.399564306386,24.8380908966064,True
2018-06-17 11:30:00,0.0,4.14764690399169,150.909768421405,38.0177688598632,True
2018-06-17 16:50:00,35.4555511474609,3.69573903083801,76.9878729093298,340.541595458984,True
2018-06-17 19:40:00,4.65614604949951,3.62491607666015,67.2389226825907,316.980102539062,True
2018-06-18 11:40:00,50.7162017822265,4.33519220352172,187.906443579761,323.630096435546,True
2018-06-18 22:40:00,0.0,3.57027602195739,60.266012000201,3.16739511489868,True
2018-06-21 01:00:00,0.0,3.86570596694946,103.658336639335,90.4454193115234,True
2018-06-21 02:00:00,10.5238199234008,3.74642705917358,84.4579342668767,82.6328430175781,True
2018-06-21 04:40:00,0.0,3.75286388397216,85.435966510282,79.0203170776367,True
2018-06-21 06:10:00,56.1872901916503,4.07766580581665,137.555101681717,71.4263610839843,True
2018-06-21 17:30:00,6.56920099258422,3.55754709243774,58.7102077808704,21.1789894104003,True
2018-06-21 18:20:00,36.242618560791,3.98662209510803,125.445759727886,46.9571495056152,True
2018-06-21 19:20:00,18.1719303131103,3.92390990257263,113.853877528066,65.4496231079101,True
2018-06-21 19:30:00,53.3929710388183,4.15284395217895,151.91091755603,65.7168502807617,True
2018-06-21 19:40:00,20.2310695648193,3.69358301162719,76.6792478934985,59.7833404541015,True
2018-06-22 10:00:00,0.0,3.61377501487731,65.7783819870865,94.2971878051757,True
2018-06-22 10:10:00,37.009708404541,4.17979383468627,157.123769012798,130.200393676757,True
2018-06-22 10:40:00,26.2542304992675,4.13195896148681,147.895637900207,134.035507202148,True
2018-06-22 14:40:00,0.0,4.49779081344604,221.532236236636,250.958099365234,True
2018-06-23 07:50:00,0.0,3.53315496444702,55.8012961514651,269.457702636718,True
2018-06-23 08:00:00,36.9751892089843,3.74252295494079,83.8679616472264,260.451904296875,True
2018-06-23 10:20:00,46.3430709838867,4.80206203460693,288.820300844254,9.06412315368652,True
2018-06-26 14:10:00,0.0,3.7965440750122,92.2480074753548,0.0,True
2018-06-26 14:20:00,0.0,3.7609360218048,86.6718430401643,149.283294677734,True
2018-06-26 14:40:00,0.0,4.40236186981201,201.614043417688,200.774993896484,True
2018-06-26 16:00:00,0.0,3.57577991485595,60.9467581035133,60.1361198425292,True
2018-06-26 17:10:00,35.0119094848632,4.18446779251098,158.03150096812,128.153198242187,True
2018-06-26 18:00:00,0.0,3.94366693496704,117.437924650952,155.564804077148,True
2018-06-27 14:10:00,0.0,5.82056188583374,566.118005877488,0.0,True
2018-06-27 14:20:00,95.8888397216796,5.28239297866821,408.524694213898,62.8752784729003,True
2018-06-27 20:10:00,0.0,13.0903196334838,3600.0,233.623092651367,True
2018-06-28 11:40:00,0.0,4.37056398391723,195.093521430875,229.437301635742,True
2018-07-01 08:10:00,0.0,3.61660099029541,66.1469741881156,353.679290771484,True
2018-07-02 08:30:00,0.0,6.16866493225097,682.381207794398,86.6011199951171,True
2018-07-02 11:00:00,344.814697265625,6.99226713180541,1012.5115411455,86.4909362792968,True
2018-07-02 11:10:00,0.0,6.14281702041625,673.236031525417,93.0155181884765,True
2018-07-02 11:20:00,0.0,6.76405811309814,913.221363152804,81.691062927246,True
2018-07-02 11:30:00,0.0,8.31942844390869,1717.87884587859,79.9250106811523,True
2018-07-02 11:40:00,0.0,6.20676517486572,695.991734015254,65.0730667114257,True
2018-07-02 11:50:00,0.0,6.29548692703247,728.2895526217,111.351600646972,True
2018-07-02 12:00:00,0.0,8.22365570068359,1660.55724342344,81.6488571166992,True
2018-07-02 12:10:00,0.0,6.01452779769897,628.90309365352,0.0,True
2018-07-02 12:20:00,0.0,6.07656192779541,650.120657653804,0.0,True
2018-07-02 12:30:00,0.0,5.9996690750122,624.889062737707,21.3568897247314,True
2018-07-02 12:40:00,0.0,8.36242198944091,1743.86382230744,13.8854103088378,True
2018-07-03 04:30:00,40.4234199523925,3.8053719997406,93.6618286289931,105.626899719238,True
2018-07-03 11:10:00,100.301597595214,4.72825717926025,271.940520657803,67.6279525756835,True
2018-07-05 05:30:00,16.9087295532226,4.30726385116577,182.280216814166,74.3741378784179,True
2018-07-05 06:50:00,0.0,3.52533602714538,54.8889881820041,72.3415832519531,True
2018-07-05 08:10:00,16.1531200408935,3.57113289833068,60.371675751031,55.8764991760253,True
2018-07-06 00:50:00,28.2772502899169,3.65744590759277,71.6170787558076,37.3462791442871,True
2018-07-06 01:00:00,54.0197296142578,4.09063482284545,140.012498836162,28.1911697387695,True
2018-07-06 01:10:00,27.6648998260498,3.59470510482788,63.3244962911594,27.1499099731445,True
2018-07-06 01:20:00,21.0947704315185,3.50246095657348,52.276111640811,21.280740737915,True
2018-07-06 02:20:00,20.1103191375732,3.75219106674194,85.3334262066528,10.6447896957397,True
2018-07-06 03:10:00,8.04197692871093,3.60098910331726,64.1266834906392,28.342809677124,True
2018-07-06 03:20:00,32.4433097839355,3.69235491752624,76.5037839066617,25.7263793945312,True
2018-07-06 03:40:00,43.3486404418945,3.81522011756896,95.2537509693402,28.4258403778076,True
2018-07-06 20:10:00,24.529649734497,3.53972911834716,56.5759334824543,37.0670013427734,True
2018-07-06 22:20:00,0.0,3.53849911689758,56.4304756526808,54.3077011108398,True
2018-07-06 23:40:00,37.6404304504394,3.7140290737152,79.6359318077348,56.7598304748535,True
2018-07-06 23:50:00,32.9207382202148,3.66233992576599,72.2904118056076,63.3978881835937,True
2018-07-07 00:10:00,30.8667602539062,3.66997408866882,73.348393196412,52.5025291442871,True
2018-07-07 00:20:00,33.0547904968261,3.64702892303466,70.1966397165816,50.7961997985839,True
2018-07-07 00:30:00,24.350299835205,3.56241798400878,59.3024945872021,51.0722312927246,True
2018-07-07 00:40:00,9.67526817321777,3.63557505607604,68.6548539469195,65.7264404296875,True
2018-07-07 01:20:00,3.98006796836853,3.56709694862365,59.8750182870181,54.2615394592285,True
2018-07-08 21:20:00,0.0,3.50597596168518,52.6721646781853,78.0036468505859,True
2018-07-08 21:30:00,71.8037567138671,4.2771668434143,176.264096187649,74.1377563476562,True
2018-07-08 23:30:00,48.9402313232421,3.84232091903686,99.7146318609484,71.500633239746,True
2018-07-09 04:20:00,27.0653495788574,3.59449005126953,63.2971553253009,50.0959091186523,True
2018-07-09 08:40:00,0.0,3.5468590259552,57.42387237206,32.4821281433105,True
2018-07-09 08:50:00,8.35193061828613,3.79042911529541,91.2759865939879,24.83443069458,True
2018-07-09 09:50:00,0.0,4.25182914733886,171.236484852932,33.1699790954589,True
2018-07-09 10:00:00,0.0,4.22322082519531,165.600046740382,30.6951007843017,True
2018-07-09 10:10:00,0.0,4.28298711776733,177.423754335187,31.2818298339843,True
2018-07-09 10:20:00,0.0,3.86637902259826,103.773137587011,27.7390995025634,True
2018-07-10 00:30:00,0.0,3.61715698242187,66.2196427136659,244.321502685546,True
2018-07-10 12:10:00,0.0,3.72916388511657,81.8676420323945,17.2374591827392,True
2018-07-10 12:20:00,32.0821495056152,3.74204897880554,83.7965022774852,22.8948593139648,True
2018-07-10 15:30:00,28.2093601226806,3.57742190361022,61.1507852970362,21.4593391418457,True
2018-07-10 21:10:00,52.3670310974121,3.8829960823059,106.630441143196,48.9162292480468,True
2018-07-10 21:20:00,20.7303504943847,3.60038208961486,64.048919150101,43.0834999084472,True
2018-07-10 21:30:00,26.3413791656494,3.72855901718139,81.7777478711105,34.8204689025878,True
2018-07-10 21:40:00,28.0749797821044,3.75649094581604,85.989994354245,29.6967506408691,True
2018-07-10 22:10:00,0.0,3.68613100051879,75.6182520064358,46.9027709960937,True
2018-07-10 22:30:00,0.0,3.64184188842773,69.4958212089259,56.3981895446777,True
2018-07-10 22:40:00,47.4420204162597,4.11780881881713,145.187149096117,47.8362808227539,True
2018-07-10 23:20:00,88.9204406738281,4.32833576202392,186.52127205972,50.9335403442382,True
2018-07-10 23:50:00,32.243911743164,3.64370608329772,69.7471963994876,52.7688293457031,True
2018-07-15 02:10:00,0.0,3.63859701156616,69.0595958246158,21.3400497436523,True
2018-07-15 02:20:00,37.742259979248,4.04568195343017,131.528004521937,17.4092407226562,True
2018-07-15 02:30:00,47.0976486206054,3.8973228931427,109.129402545205,19.7333507537841,True
2018-07-15 02:40:00,73.4830169677734,4.18142700195312,157.440823629894,24.5410003662109,True
2018-07-15 03:00:00,101.422996520996,4.42087411880493,205.436612798925,23.218240737915,True
2018-07-15 04:20:00,22.5886993408203,3.52934193611145,55.3551727816639,357.97119140625,True
2018-07-15 09:30:00,78.1054763793945,4.36881017684936,194.73553601308,349.131896972656,True
2018-07-15 23:00:00,31.6233005523681,3.61545300483703,65.9970882478201,5.89721393585205,True
2018-07-15 23:10:00,45.4805488586425,3.86283111572265,103.168798443861,2.21871995925903,True
2018-07-15 23:20:00,39.0243988037109,3.72200298309326,80.8071600666299,4.52773523330688,True
2018-07-16 03:40:00,23.2167892456054,3.70168089866638,77.8422754415851,324.817687988281,True
2018-07-16 05:10:00,0.0,3.50242805480957,52.2724137746845,300.678192138671,True
2018-07-16 05:30:00,8.45305442810058,3.57075190544128,60.3246799793096,300.468688964843,True
2018-07-16 10:00:00,18.785530090332,3.54210901260375,56.8580629270182,283.697998046875,True
2018-07-16 18:40:00,32.7394485473632,3.8844609260559,106.884440011363,60.0293006896972,True
2018-07-17 02:40:00,0.0,3.54008793830871,56.6184125144036,237.538299560546,True
2018-07-17 02:50:00,29.8884506225585,4.22186422348022,165.333813225182,226.025604248046,True
2018-07-17 15:50:00,0.0,3.58550906181335,62.1619588952717,290.800689697265,True
2018-07-17 18:30:00,24.2080192565917,4.03004884719848,128.59905850653,289.057800292968,True
2018-07-17 23:00:00,25.4314498901367,3.85987591743469,102.666956828642,276.185089111328,True
2018-07-18 03:40:00,35.9230499267578,3.73191905021667,82.2778492925399,308.92739868164,True
2018-07-18 12:40:00,2.83973598480224,3.50029706954956,52.0332788495762,266.626312255859,True
2018-07-18 16:00:00,7.15592908859252,3.72419905662536,81.1315117013773,327.015686035156,True
2018-07-18 19:00:00,6.71493101119995,3.61734700202941,66.2444897381183,267.128692626953,True
2018-07-19 19:50:00,0.0,3.6628201007843,72.3566821053946,280.639892578125,True
2018-07-20 09:30:00,4.50953388214111,3.55382299423217,58.2599285306533,262.990509033203,True
2018-07-20 11:00:00,12.7747297286987,3.65659809112548,71.5008231775864,287.789611816406,True
2018-07-20 19:20:00,0.0,3.65249300003051,70.9395452080826,346.817687988281,True
2018-07-21 01:10:00,46.0284996032714,4.06057119369506,134.327911651936,358.331604003906,True
2018-07-21 01:50:00,34.9910697937011,3.80303502082824,93.2863402406338,36.5028610229492,True
2018-07-21 07:20:00,0.0,3.59003901481628,62.7329315945508,12.3201599121093,True
2018-07-21 13:10:00,33.4419784545898,3.82249307632446,96.4393672905171,3.34506297111511,True
2018-07-21 23:10:00,26.5742092132568,3.6829650402069,75.1701809782071,0.190400406718254,True
2018-07-22 08:30:00,11.4221296310424,3.58602499961853,62.2268240020248,296.80810546875,True
2018-07-22 10:00:00,12.8444004058837,3.72051906585693,80.5884280484897,270.335296630859,True
2018-07-23 02:50:00,0.0,3.54814910888671,57.5781671302393,206.336303710937,True
2018-07-23 03:00:00,32.4194984436035,3.79653096199035,92.245916656434,199.509506225585,True
2018-07-23 04:10:00,49.1855316162109,4.02604818344116,127.851283465218,185.355697631835,True
2018-07-23 16:30:00,0.0,3.5790410041809,61.3523908956158,232.341094970703,True
2018-07-23 17:00:00,44.1557693481445,4.1359429359436,148.659951300284,277.392700195312,True
2018-07-23 19:20:00,0.0,3.53585410118103,56.1185006579954,28.0946998596191,True
2018-07-23 20:30:00,20.640920639038,3.8666489124298,103.819192191016,55.0723190307617,True
2018-07-23 20:50:00,22.4984607696533,3.63405895233154,68.4523468771513,40.4370384216308,True
2018-07-23 22:30:00,56.9614906311035,6.63876390457153,861.348386450783,304.795684814453,True
2018-07-24 00:10:00,0.0,3.55060195922851,57.8722640958148,11.1775398254394,True
2018-07-24 04:50:00,0.0,3.63551688194274,68.6470768009067,308.69189453125,True
2018-07-24 16:50:00,21.6842193603515,4.26441717147827,173.730043088609,338.393096923828,True
2018-07-24 18:30:00,0.0,3.56422805786132,59.5235619537997,350.348205566406,True
2018-07-24 18:40:00,33.8364601135253,3.64628505706787,70.0958718253096,359.449005126953,True
2018-07-24 19:50:00,0.0,3.50769090652465,52.8661135342154,347.834014892578,True
2018-07-24 20:00:00,43.3899307250976,3.9467589855194,118.00449366956,354.084411621093,True
2018-07-24 20:40:00,0.0,3.55049490928649,57.859408709196,61.4530601501464,True
2018-07-24 21:30:00,0.0,3.53432989120483,55.9392311293523,38.2769203186035,True
2018-07-25 01:30:00,0.0,3.65343809127807,71.0685260515493,247.862106323242,True
2018-07-25 01:50:00,7.93592882156372,3.5938971042633,63.221808972613,264.948608398437,True
2018-07-25 07:50:00,0.0,3.59560704231262,63.4392452621951,253.212005615234,True
2018-07-25 20:20:00,0.0,3.54660296440124,57.3932789162182,275.647888183593,True
2018-07-25 23:10:00,4.88013410568237,3.57594895362854,60.9677422909781,273.307312011718,True
2018-07-26 16:30:00,21.3630409240722,3.56035590171813,59.0512877822084,149.729095458984,True
2018-07-26 20:30:00,0.0,3.51608991622924,53.8227814500169,198.163299560546,True
2018-07-27 13:40:00,0.0,4.0506100654602,132.453610148512,275.872100830078,True
2018-07-27 17:10:00,0.0,3.54937100410461,57.7245521434206,329.558898925781,True
2018-07-27 18:40:00,21.8595008850097,3.83458590507507,98.4294395984007,203.960098266601,True
2018-07-27 20:50:00,0.0,3.54526710510253,57.2338446358335,274.46499633789,True
2018-07-28 17:20:00,0.0,3.50910806655883,53.0267400047051,51.7587585449218,True
2018-07-28 17:30:00,26.9077606201171,3.89409589767456,108.563666664664,52.5667190551757,True
2018-07-28 17:40:00,43.3959197998046,3.81165194511413,94.6751726442571,55.4211616516113,True
2018-07-29 01:50:00,0.0,3.53600907325744,56.1367484733828,5.48122406005859,True
2018-07-29 02:00:00,0.0,3.55384111404418,58.2621140178708,4.15531778335571,True
2018-07-29 03:00:00,0.0,3.66640496253967,72.8526047290698,10.9280395507812,True
2018-07-29 03:40:00,34.5548706054687,3.774099111557,88.709526330892,8.27649688720703,True
2018-07-29 04:30:00,18.6375102996826,3.50530910491943,52.5968746785802,25.095890045166,True
2018-07-29 13:10:00,25.7458591461181,3.88981699943542,107.816087380675,1.87118697166442,True
2018-07-29 22:10:00,6.50319576263427,3.69966006278991,77.5510582863326,38.0994415283203,True
2018-07-29 22:30:00,30.4302291870117,3.69043207168579,76.229541942932,40.6804008483886,True
2018-07-29 22:40:00,39.205810546875,3.76731610298156,87.6560354469957,43.536449432373,True
2018-07-30 00:00:00,4.12071895599365,3.54909896850585,57.6919411693233,65.500129699707,True
2018-07-30 00:10:00,23.0182495117187,3.56041193008422,59.0581042731537,58.7094497680664,True
2018-07-30 01:10:00,49.1426696777343,3.9298288822174,114.921064247411,64.5999526977539,True
2018-08-02 11:40:00,0.0,9.85953330993652,2701.6249674028,12.3025197982788,True
2018-08-02 12:00:00,0.0,7.63441276550292,1328.11068782195,0.0,True
2018-08-02 12:10:00,0.0,7.93050718307495,1490.45563220194,0.0,True
2018-08-02 12:20:00,1242.09204101562,9.64720439910888,2552.49368258291,32.5463981628417,True
2018-08-02 14:40:00,546.679321289062,10.4477701187133,3040.51783085417,31.6316890716552,True
2018-08-02 14:50:00,0.0,10.6560697555541,3136.99672050918,30.1875,True
2018-08-02 15:00:00,0.0,10.0851402282714,2843.91369548591,30.3654994964599,True
2018-08-02 15:10:00,0.0,10.4693002700805,3051.02387772639,30.6911296844482,True
2018-08-02 15:20:00,0.0,10.6217403411865,3121.87643482783,28.6296691894531,True
2018-08-02 15:30:00,0.0,10.3721199035644,3002.59716802931,36.818489074707,True
2018-08-02 15:40:00,0.0,10.264229774475,2945.74733057945,34.7502403259277,True
2018-08-02 15:50:00,0.0,10.8959302902221,3234.44728059019,33.3443489074707,True
2018-08-02 16:00:00,1595.09204101562,13.6844100952148,3600.0,36.5755882263183,True
2018-08-02 18:30:00,0.0,8.35877799987792,1741.65555763164,43.7357597351074,True
2018-08-02 19:00:00,477.608612060546,9.93934059143066,2753.80523829455,53.124828338623,True
2018-08-02 19:10:00,0.0,10.4978799819946,3064.77657402703,53.7274703979492,True
2018-08-03 14:30:00,0.0,9.3341007232666,2361.20768688874,29.7692508697509,True
2018-08-03 14:40:00,0.0,9.22341060638427,2288.89454917207,38.0112380981445,True
2018-08-03 14:50:00,0.0,9.30367946624755,2341.30726646877,35.4590988159179,True
2018-08-03 15:00:00,0.0,6.95711517333984,996.799843887262,40.6257705688476,True
2018-08-03 15:30:00,0.0,11.1200895309448,3313.21420622207,0.0,True
2018-08-03 15:40:00,770.744323730468,10.2958297729492,2962.74060211823,37.746841430664,True
2018-08-03 18:30:00,527.099426269531,11.7262296676635,3472.80718291797,56.8241806030273,True
2018-08-03 18:40:00,1652.27099609375,11.3849000930786,3392.06068505999,57.0025787353515,True
2018-08-03 19:00:00,0.0,12.0044298171997,3522.63715729437,59.9657096862792,True
2018-08-03 19:10:00,0.0,11.2428903579711,3351.62360621108,60.1631393432617,True
2018-08-03 19:20:00,939.25439453125,11.5446796417236,3432.66603071814,61.927490234375,True
2018-08-03 20:40:00,0.0,11.2745599746704,3361.00559715964,62.5323791503906,True
2018-08-03 20:50:00,0.0,11.2074298858642,3340.86608327617,62.0222206115722,True
2018-08-03 21:00:00,0.0,11.106309890747,3308.69933019364,63.5403518676757,True
2018-08-03 21:10:00,0.0,12.090479850769,3535.32406960134,62.8115005493164,True
2018-08-03 21:20:00,737.014221191406,11.9917297363281,3520.65811454097,61.5695991516113,True
2018-08-04 04:30:00,0.0,11.1702699661254,3329.30370853597,66.6307830810546,True
2018-08-04 04:40:00,0.0,11.1101598739624,3309.9649897296,68.0913391113281,True
2018-08-04 04:50:00,0.0,11.4030504226684,3396.92993576034,68.2334976196289,True
2018-08-04 05:00:00,1386.37805175781,11.6476497650146,3456.19642981342,65.3139190673828,True
2018-08-04 07:50:00,0.0,10.1905097961425,2904.97911351985,62.4905891418457,True
2018-08-04 08:00:00,0.0,10.050419807434,2823.05525948337,61.553409576416,True
2018-08-04 08:10:00,0.0,10.0421600341796,2818.03855139401,58.8363914489746,True
2018-08-04 08:20:00,0.0,8.8124713897705,2023.87209330423,58.1943397521972,True
2018-08-04 08:30:00,0.0,7.53254079818725,1274.75400350166,53.2191009521484,True
2018-08-04 08:40:00,0.0,8.81495952606201,2025.45479560671,55.0489997863769,True
2018-08-04 08:50:00,0.0,8.52417755126953,1842.9238417699,57.285659790039,True
2018-08-04 09:00:00,0.0,9.6475830078125,2552.77334297123,64.1111373901367,True
2018-08-04 09:10:00,0.0,9.81322288513183,2670.39241811147,0.0,True
2018-08-11 07:20:00,1226.71203613281,13.1959295272827,3600.0,58.2001113891601,True
2018-08-16 09:10:00,0.0,5.02106809616088,341.192248855252,0.0,True
2018-08-16 09:20:00,0.0,5.09680891036987,360.143316514966,0.0,True
2018-08-16 09:30:00,0.0,4.43537998199462,208.445661215271,32.4490013122558,True
2018-08-16 19:20:00,63.8913192749023,4.19715785980224,160.501553542046,80.6761779785156,True
2018-08-16 20:20:00,73.2210464477539,4.16359519958496,153.986213323003,71.0822677612304,True
2018-08-17 10:10:00,0.0,3.82027006149291,96.0760798703013,0.0,True
2018-08-17 10:20:00,0.0,3.98104500770568,124.389384818122,0.0,True
2018-08-24 08:20:00,462.461700439453,8.0650405883789,1567.45989775346,63.8817596435546,True
2018-08-26 05:50:00,79.3469772338867,4.29000091552734,178.823604066846,70.2033233642578,True
2018-08-26 23:00:00,0.0,3.56639194488525,59.7885290548002,58.3784790039062,True
2018-08-27 01:30:00,23.7814693450927,3.66792392730712,73.0633554873784,54.1792297363281,True
2018-08-27 02:00:00,30.1565494537353,3.73182606697082,82.2639855269053,57.0676689147949,True
2018-08-27 07:20:00,0.0,3.76122498512268,86.7162777619278,65.6424865722656,True
2018-08-27 08:40:00,0.0,4.12892580032348,147.314248441335,69.4348373413085,True
2018-08-27 09:00:00,0.0,3.54606008529663,57.3284520698253,58.9124717712402,True
2018-08-27 22:10:00,37.4683685302734,3.70750594139099,78.6853626927959,48.6703910827636,True
2018-09-04 04:10:00,0.0,3.54084396362304,56.7079822749365,62.7702598571777,True
2018-09-04 04:20:00,8.52570056915283,3.5230119228363,54.6196992450759,61.7314682006835,True
2018-09-04 05:00:00,0.0,3.53434705734252,55.9412480502106,61.3541183471679,True
2018-09-04 20:20:00,1.26493299007415,3.64957404136657,70.5420841411151,61.9623985290527,True
2018-09-04 21:00:00,44.4617614746093,3.94326901435852,117.365123135384,47.058609008789,True
2018-09-05 01:40:00,34.3014411926269,3.81083798408508,94.5434744055356,34.3891983032226,True
2018-09-05 02:10:00,23.8160591125488,3.83375096321105,98.2912843151835,38.7278404235839,True
2018-09-06 00:50:00,86.9853363037109,4.4835820198059,218.532631526996,3.18828511238098,True
2018-09-06 01:50:00,0.0,4.68308877944946,261.791799145999,344.24819946289,True
2018-09-06 02:10:00,0.0,5.51565885543823,473.515748455952,0.0,True
2018-09-06 02:20:00,0.0,5.25202989578247,400.414137439076,7.87884283065795,True
2018-09-06 02:30:00,0.0,12.6133804321289,3586.63147558686,284.037200927734,True
2018-09-06 02:40:00,0.0,7.17863082885742,1098.47193372275,305.591003417968,True
2018-09-06 02:50:00,44.2628784179687,4.51473712921142,225.125584786293,13.9211301803588,True
2018-09-06 05:40:00,6.10220098495483,4.38266992568969,197.569270056627,245.661407470703,True
2018-09-06 10:20:00,0.0,3.68637800216674,75.6532770180092,32.2567100524902,True
2018-09-06 11:40:00,11.3216896057128,3.54834008216857,57.6010302864061,235.051406860351,True
2018-09-06 14:10:00,57.75484085083,3.98039102554321,124.265837854637,261.164398193359,True
2018-09-06 15:40:00,30.3700294494628,3.78208899497985,89.9599035248439,289.237213134765,True
2018-09-06 16:50:00,9.88670921325683,3.60985302925109,65.2689543189745,270.155792236328,True
2018-09-06 17:10:00,21.5320796966552,3.51777601242065,54.0161923205196,283.173797607421,True
2018-09-06 18:50:00,13.5059995651245,3.59935498237609,63.9174710279594,319.225891113281,True
2018-09-06 19:30:00,13.6493396759033,3.53132891654968,55.5873587345386,293.015106201171,True
2018-09-07 21:30:00,36.2136611938476,3.68999600410461,76.1674309857744,266.992401123046,True
2018-09-08 01:30:00,17.3052902221679,3.61208510398864,65.5585772896202,212.114395141601,True
2018-09-08 02:40:00,15.3961400985717,3.73872590065002,83.296505324096,196.454406738281,True
2018-09-08 03:30:00,32.3959884643554,3.62907910346984,67.7897727848294,200.354797363281,True
2018-09-08 11:30:00,0.0,3.91772389411926,112.74453627881,26.0996208190917,True
2018-09-09 07:00:00,44.948070526123,3.79192399978637,91.5130577081763,72.0783386230468,True
2018-09-10 03:20:00,33.0791587829589,3.87020707130432,104.427454037582,358.478088378906,True
2018-09-10 20:30:00,41.0041007995605,3.7956941127777,92.1125412976153,32.9933891296386,True
2018-09-10 20:40:00,19.9532108306884,3.57486391067504,60.8331264053304,27.3635005950927,True
2018-09-10 20:50:00,34.9895095825195,3.6738588809967,73.8903475117449,27.8152503967285,True
2018-09-10 23:00:00,0.0,3.85169911384582,101.285682085128,40.4664688110351,True
2018-09-11 04:50:00,4.67013216018676,3.76039290428161,86.5883624475582,325.24951171875,True
2018-09-11 10:30:00,14.2360401153564,3.71781301498413,80.1904584379408,294.452911376953,True
2018-09-11 11:30:00,0.0,4.0876669883728,139.44945367341,357.088287353515,True
2018-09-11 14:20:00,122.748100280761,5.27071285247802,405.395480817177,298.409393310546,True
2018-09-12 05:50:00,11.6655197143554,3.55644989013671,58.5773149030283,23.6692790985107,True
2018-09-12 10:10:00,12.4825401306152,4.03304290771484,129.159157268507,8.53980255126953,True
2018-09-13 18:30:00,0.0,3.7105278968811,79.124884079898,2.32533597946166,True
2018-09-13 19:00:00,150.749298095703,4.89931011199951,311.643262017154,282.280487060546,True
2018-09-13 20:00:00,0.0,5.76543998718261,548.699358999037,0.0,True
2018-09-13 20:10:00,260.442413330078,6.04246187210083,638.406496758216,290.875091552734,True
2018-09-14 07:20:00,25.5722999572753,3.86626696586608,103.754019399782,8.33705997467041,True
2018-09-14 12:20:00,0.0,5.12555789947509,367.454639155984,321.006286621093,True
2018-09-14 12:30:00,0.0,5.74356412887573,541.871474180332,324.340393066406,True
2018-09-14 12:40:00,0.0,6.23288202285766,705.411319417433,319.648986816406,True
2018-09-14 15:20:00,0.0,3.71072602272033,79.1537510768003,0.0,True
2018-09-14 15:30:00,49.4786987304687,4.20848703384399,162.713558718342,306.836395263671,True
2018-09-14 19:40:00,37.0594596862792,3.91715598106384,112.642998882137,273.204315185546,True
2018-09-15 03:30:00,9.42928600311279,3.79744100570678,92.3910847892294,293.059387207031,True
2018-09-15 04:00:00,14.1371803283691,3.97062706947326,122.429418862685,305.737915039062,True
2018-09-15 14:50:00,12.9784803390502,3.55041098594665,57.8493318263545,57.7475509643554,True
2018-09-15 20:00:00,0.0,3.72248005867004,80.877556691511,44.6629219055175,True
2018-09-15 20:10:00,45.2608795166015,3.80370998382568,93.3946985305083,42.4255104064941,True
2018-09-16 01:00:00,0.0,3.63239097595214,68.2299789477256,298.686401367187,True
2018-09-16 03:00:00,14.864930152893,3.77247095108032,88.4559800556053,287.38330078125,True
2018-09-16 08:50:00,15.7615299224853,3.6352949142456,68.6174075011659,21.0804004669189,True
2018-09-21 13:30:00,224.380996704101,5.89778804779052,591.045446457528,40.6251983642578,True
2018-09-22 00:50:00,0.0,3.50209689140319,52.2352035934427,66.4699096679687,True
2018-09-22 02:30:00,8.76841068267822,3.77584099769592,88.9812522227339,60.1617393493652,True
2018-09-22 03:30:00,138.945495605468,4.90192317962646,312.26588170628,56.1268005371093,True
2018-09-22 04:40:00,34.6705284118652,3.86095190048217,102.84951481094,59.7152404785156,True
2018-09-22 05:50:00,0.0,3.51864695549011,54.1162757308166,87.7136764526367,True
2018-09-22 08:20:00,40.976951599121,3.87958002090454,106.0394417229,119.6070022583,True
2018-09-22 09:40:00,0.0,3.53447699546813,55.9565165497525,112.226898193359,True
2018-09-22 09:50:00,20.297830581665,3.64588999748229,70.0423910272484,106.202903747558,True
2018-09-22 17:00:00,321.190887451171,6.07737684249877,650.402119781248,76.9607696533203,True
2018-09-23 00:00:00,52.2569313049316,3.87961792945861,106.045989888681,46.0797004699707,True
2018-09-24 03:50:00,28.0987300872802,3.87501096725463,105.25188637742,80.6361389160156,True
2018-09-24 04:10:00,29.6093196868896,3.61914896965026,66.4804027583277,88.4325103759765,True
2018-09-24 04:20:00,17.3828506469726,3.75605106353759,85.9226908873097,86.34765625,True
2018-09-24 05:50:00,20.1611995697021,3.93903994560241,116.592959814237,165.453994750976,True
2018-09-24 06:00:00,27.0194206237792,3.70904302597045,78.9087378452423,170.01480102539,True
2018-09-24 06:20:00,25.5764408111572,3.7410659790039,83.6484141470864,178.404998779296,True
2018-09-28 11:30:00,643.448974609375,7.74600505828857,1388.07341060452,59.7116508483886,True
2018-09-28 19:00:00,49.9780197143554,3.91548895835876,112.345249297626,173.077697753906,True
2018-09-28 19:50:00,43.3290901184082,3.84631299972534,100.381671471539,156.357803344726,True
2018-09-28 20:10:00,8.33578205108642,3.63093709945678,68.0365170602927,163.004501342773,True
2018-09-28 20:20:00,26.4162006378173,3.55463409423828,58.3578092949464,189.648300170898,True
2018-09-28 20:50:00,88.8506698608398,4.37191200256347,195.368794477311,191.742797851562,True
2018-09-28 21:20:00,0.0,3.59110808372497,62.8681600108002,211.888000488281,True
2018-10-03 16:40:00,100.292098999023,4.61427211761474,246.586952314772,241.542495727539,True
2018-10-04 02:00:00,23.5149097442626,3.83738803863525,98.8939154162799,359.260498046875,True
2018-10-04 03:30:00,22.4909191131591,3.74251008033752,83.8660201230277,337.812896728515,True
2018-10-06 22:20:00,51.6561317443847,4.4670181274414,215.050995561396,122.54100036621,True
2018-10-08 02:30:00,20.6237506866455,3.58021306991577,61.4985947573914,50.2548103332519,True
2018-10-08 02:40:00,0.0,3.57995390892028,61.466248003203,48.1627006530761,True
2018-10-08 03:10:00,33.9037399291992,3.97352910041809,122.973643962247,47.5779304504394,True
2018-10-10 12:50:00,1221.041015625,10.8752403259277,3226.59153290683,37.5588607788085,True
2018-10-11 21:40:00,0.0,3.73551511764526,82.8150828274265,78.5095672607421,True
2018-10-11 22:30:00,12.7273397445678,3.59553003311157,63.4294426865999,66.8042678833007,True
2018-10-11 23:20:00,49.3300704956054,3.89219999313354,108.232066000073,61.1941986083984,True
2018-10-16 01:40:00,0.0,4.51570510864257,225.331360939363,74.7207336425781,True
2018-10-16 01:50:00,77.0034713745117,4.709153175354,267.631526192587,76.4781417846679,True
2018-10-18 19:20:00,45.4213600158691,3.98487401008605,125.114113582194,60.4568214416503,True
2018-10-18 19:30:00,31.9541492462158,3.68205189704895,75.0412439270121,66.8456192016601,True
2018-10-18 20:00:00,44.6015396118164,3.81798410415649,95.703330905224,85.9534912109375,True
2018-10-19 13:50:00,17.6959590911865,3.68633699417114,75.6474613789069,72.5860900878906,True
2018-10-19 18:00:00,23.7531795501708,3.7150650024414,79.7875166954472,71.6073837280273,True
2018-10-19 20:10:00,25.6217002868652,4.02860498428344,128.329099242389,53.5638809204101,True
2018-10-20 09:20:00,0.0,3.71826291084289,80.2565418743734,11.4831495285034,True
2018-10-20 13:40:00,20.3539199829101,3.74822688102722,84.730737432209,1.98925602436065,True
2018-10-23 19:10:00,0.0,3.64713811874389,70.2114393783158,227.388000488281,True
2018-10-23 21:20:00,0.0,3.6578369140625,71.6707336902618,266.510986328125,True
2018-10-29 07:10:00,10.123740196228,3.74039793014526,83.5478613617197,162.418594360351,True
2018-10-30 03:00:00,124.830200195312,4.72275400161743,270.696745050548,180.307403564453,True
2018-10-30 10:50:00,141.004104614257,5.03793096542358,345.372943929912,218.684204101562,True
2018-10-30 11:00:00,0.0,6.53500080108642,819.750014376171,224.824905395507,True
2018-10-30 14:30:00,0.0,7.63732194900512,1329.65414708441,0.0,True
2018-10-30 14:40:00,0.0,8.95355319976806,2114.09263962453,221.386398315429,True
2018-10-30 14:50:00,102.02619934082,8.86304473876953,2056.10363237398,222.277297973632,True
2018-11-01 00:20:00,58.1711196899414,4.11575508117675,144.794838729251,62.4704704284667,True
2018-11-01 22:30:00,21.5945205688476,3.86332988739013,103.25363595337,78.656150817871,True
2018-11-01 23:30:00,27.6022090911865,3.57929897308349,61.3845511559193,74.9418411254882,True
2018-11-09 09:50:00,0.0,3.62137389183044,66.7724056144552,48.1160202026367,True
2018-11-14 12:00:00,0.0,7.48844814300537,1251.98895315617,0.0,True
2018-11-14 12:10:00,0.0,8.2585163116455,1681.3296435068,22.7300605773925,True
2018-11-14 12:20:00,0.0,9.46410465240478,2446.42329547262,19.4282207489013,True
2018-11-14 12:30:00,0.0,11.6107196807861,3447.98992236641,16.9726390838623,True
2018-11-14 12:40:00,0.0,11.765959739685,3480.77120252559,17.56734085083,True
2018-11-14 12:50:00,0.0,10.8236303329467,3206.55102969324,22.2729701995849,True
2018-11-14 13:00:00,0.0,11.4255895614624,3402.88395246001,19.2124805450439,True
2018-11-14 13:10:00,0.0,11.270299911499,3359.75587867555,21.1281108856201,True
2018-11-14 13:20:00,0.0,11.3635702133178,3386.25286183764,0.0,True
2018-11-14 13:30:00,0.0,9.39666938781738,2402.18988355138,27.9115390777587,True
2018-11-14 13:40:00,0.0,6.58197879791259,838.432798207363,30.8199405670166,True
2018-11-14 13:50:00,0.0,6.52202987670898,814.635117930153,28.8490104675292,True
2018-11-14 14:00:00,0.0,7.22322797775268,1119.72869421446,38.8165893554687,True
2018-11-14 14:10:00,0.0,6.27794981002807,721.838270487918,33.9419708251953,True
2018-11-14 14:20:00,0.0,6.15562009811401,677.756920041759,40.3415603637695,True
2018-11-14 14:30:00,0.0,6.66487884521484,872.010427900156,38.8339691162109,True
2018-11-14 14:40:00,0.0,5.9588279724121,611.189442186872,36.0375785827636,True
2018-11-14 14:50:00,0.0,6.42133617401123,775.562511400212,38.9665298461914,True
2018-11-14 15:00:00,0.0,7.20979785919189,1113.2987027701,42.8889198303222,True
2018-11-14 15:10:00,0.0,6.3469271659851,747.404261014329,37.9303817749023,True
2018-11-14 15:20:00,0.0,6.46640110015869,792.910824499186,34.8766288757324,True
2018-11-14 15:30:00,0.0,6.64127016067504,862.368237339912,35.5197601318359,True
2018-11-14 15:40:00,0.0,7.44416999816894,1229.18630712821,39.2818717956542,True
2018-11-14 15:50:00,0.0,6.35337591171264,749.820773246004,36.2330703735351,True
2018-11-14 16:00:00,0.0,6.44962978363037,786.428397700241,36.8191413879394,True
2018-11-14 16:10:00,0.0,5.3863821029663,436.901697458568,33.8353385925292,True
2018-11-14 16:20:00,0.0,5.93680095672607,603.874772106004,24.6075897216796,True
2018-11-14 16:30:00,0.0,5.95925998687744,611.333420796314,32.6418685913085,True
2018-11-14 16:40:00,0.0,5.89126300811767,588.915310174527,36.430191040039,True
2018-11-14 16:50:00,0.0,7.16624879837036,1092.61821530008,41.7327919006347,True
2018-11-15 07:10:00,109.291603088378,4.59999990463256,243.471636826467,137.013397216796,True
2018-11-15 07:20:00,66.1610031127929,4.08215999603271,138.405781676116,136.898300170898,True
2018-11-15 09:30:00,2.57593297958374,3.71948599815368,80.4363600640545,198.423797607421,True
2018-11-15 13:10:00,0.0,4.33993291854858,188.865689574549,337.833709716796,True
2018-11-18 18:00:00,22.3444595336914,3.52760910987854,55.1532013422593,143.483306884765,True
2018-11-21 09:00:00,25.3765506744384,3.79932594299316,92.6921872271341,206.482192993164,True
2018-11-21 10:30:00,35.284568786621,4.19551992416381,160.182284295361,218.397598266601,True
2018-11-21 10:40:00,0.0,6.81527090072631,934.953638573003,219.552597045898,True
2018-11-21 10:50:00,0.0,5.49199295043945,466.699476198096,208.304397583007,True
2018-11-22 08:20:00,0.0,3.87588596343994,105.402448506167,21.8794708251953,True
2018-11-22 08:30:00,0.0,4.93302488327026,319.714893936934,29.0335102081298,True
2018-11-22 08:40:00,0.0,4.72601699829101,271.433970679162,26.5137596130371,True
2018-11-22 08:50:00,15.3534603118896,3.84885811805725,100.808268145168,26.2336502075195,True
2018-11-28 12:40:00,0.0,3.71069192886352,79.1487831437735,327.647888183593,True
2018-11-30 15:10:00,749.607421875,8.92198944091796,2093.82725662992,26.4307403564453,True
2018-11-30 15:20:00,598.038391113281,10.3335399627685,2982.64686603219,25.8071498870849,True
2018-11-30 15:30:00,404.058807373046,10.1307401657104,2870.7498067306,25.3289203643798,True
2018-11-30 15:40:00,411.830688476562,9.59560871124267,2513.91052129046,25.9292793273925,True
2018-11-30 15:50:00,403.290496826171,9.02546405792236,2160.41939844179,24.988389968872,True
2018-11-30 16:00:00,405.26089477539,10.0158901214599,2801.94252135692,25.7593193054199,True
2018-11-30 16:10:00,403.872589111328,8.52320766448974,1842.32411350095,26.084150314331,True
2018-11-30 16:20:00,385.766296386718,9.74802494049072,2625.21102329681,22.2574291229248,True
2018-11-30 16:30:00,397.753509521484,9.95904827117919,2766.37536111608,21.6661701202392,True
2018-11-30 16:40:00,394.876190185546,11.0628204345703,3294.17387428234,21.9739208221435,True
2018-11-30 16:50:00,391.395690917968,9.98955059051513,2785.58771606485,23.1632194519042,True
2018-11-30 17:00:00,397.21890258789,9.78850746154785,2653.43279220966,24.2298908233642,True
2018-11-30 17:10:00,389.462005615234,9.03722953796386,2168.01853298712,27.763069152832,True
2018-11-30 17:20:00,455.058013916015,9.69847011566162,2589.90706726663,28.8190402984619,True
2018-11-30 17:30:00,453.531585693359,9.48385524749755,2459.38822307383,28.6940307617187,True
2018-11-30 17:40:00,373.340087890625,7.40601778030395,1209.7765351882,35.1680107116699,True
2018-11-30 17:50:00,409.187805175781,7.39812994003295,1205.7907719543,30.6125698089599,True
2018-11-30 18:00:00,407.69351196289,8.79545879364013,2013.05906681919,27.0772094726562,True
2018-11-30 18:10:00,369.494384765625,7.56491088867187,1291.5608117533,27.253210067749,True
2018-11-30 18:20:00,376.979888916015,7.42179679870605,1217.77756821212,33.9625091552734,True
2018-11-30 18:30:00,380.635314941406,7.43867301940917,1226.37625023809,33.0176200866699,True
2018-11-30 18:40:00,397.684814453125,7.85315799713134,1447.06116466372,33.9780387878417,True
2018-11-30 18:50:00,401.662811279296,7.50760889053344,1261.90470599676,35.3360710144042,True
2018-11-30 19:00:00,354.016815185546,7.18470478057861,1101.3510459693,43.5908088684082,True
2018-11-30 19:10:00,418.115997314453,8.33454513549804,1726.99791619489,47.8688697814941,True
2018-11-30 19:20:00,362.123504638671,7.45588302612304,1235.18927141266,45.0991897583007,True
2018-11-30 19:30:00,239.576507568359,5.59942913055419,498.062476874731,46.2987899780273,True
2018-11-30 19:40:00,312.737213134765,6.55935382843017,829.404096128308,42.3912391662597,True
2018-11-30 19:50:00,263.52490234375,5.98401117324829,619.615648969519,45.6384887695312,True
2018-11-30 20:00:00,347.524108886718,7.59996318817138,1309.91597287438,44.9442100524902,True
2018-11-30 20:10:00,385.307189941406,8.33188533782958,1725.39203174209,43.7613105773925,True
2018-11-30 20:20:00,340.43701171875,7.49277019500732,1254.23085524421,44.515769958496,True
2018-11-30 20:30:00,291.817993164062,6.70157718658447,887.126002356605,43.0699310302734,True
2018-11-30 20:40:00,272.343597412109,6.18000078201293,686.414461706967,35.3002090454101,True
2018-11-30 20:50:00,263.755096435546,6.26993179321289,718.899768661259,37.9509315490722,True
2018-11-30 21:00:00,219.256195068359,5.74236917495727,541.499884272849,41.5626487731933,True
2018-11-30 21:10:00,263.30239868164,6.59301996231079,842.85982474017,42.2293891906738,True
2018-11-30 21:20:00,322.990509033203,7.43604516983032,1225.03450472944,40.6851005554199,True
2018-11-30 21:30:00,325.996612548828,7.43885421752929,1226.46880601649,39.3347587585449,True
2018-11-30 21:40:00,277.761291503906,6.82700681686401,939.977849104386,36.3256301879882,True
2018-11-30 21:50:00,237.728698730468,6.24570703506469,710.063732265987,41.8367805480957,True
2018-11-30 22:00:00,243.370803833007,6.32682800292968,739.901516559647,40.9597702026367,True
2018-11-30 22:10:00,230.50210571289,5.95447492599487,609.739801507575,38.1309394836425,True
2018-11-30 22:20:00,265.537414550781,6.81599903106689,935.264874927735,36.992618560791,True
2018-11-30 22:30:00,213.364501953125,6.46260023117065,791.439000527441,38.6335105895996,True
2018-11-30 22:40:00,218.895904541015,6.53724384307861,820.63643069108,40.0311698913574,True
2018-11-30 22:50:00,219.108901977539,6.82620620727539,939.634578593261,41.0446510314941,True
2018-11-30 23:00:00,146.775802612304,5.96023893356323,611.659750654623,41.4650802612304,True
2018-11-30 23:10:00,97.4458694458007,5.51171207427978,472.375405318408,42.3220710754394,True
2018-11-30 23:20:00,110.980400085449,5.99263715744018,622.517520219262,44.3060111999511,True
2018-11-30 23:30:00,46.4226112365722,5.29561281204223,412.080408274729,45.9964790344238,True
2018-11-30 23:40:00,87.7135009765625,5.95336580276489,609.370766896428,48.4524192810058,True
2018-11-30 23:50:00,34.5562705993652,5.14838695526123,373.307502635783,46.9415588378906,True
2018-12-01 00:00:00,57.4070205688476,6.16697311401367,681.780444472923,47.6596794128417,True
2018-12-01 00:10:00,27.4405097961425,5.8843297958374,586.65679990569,49.751838684082,True
2018-12-01 00:20:00,0.364866495132446,5.16810894012451,378.397650577187,54.3502883911132,True
2018-12-01 00:30:00,0.0,4.60742092132568,245.08987176635,53.2662010192871,True
2018-12-01 00:40:00,0.0,4.71355390548706,268.62196493802,51.3654899597167,True
2018-12-01 01:00:00,0.0,4.1574912071228,152.807273830714,63.492088317871,True
2018-12-01 01:10:00,0.0,4.52392721176147,227.081530625901,59.2129783630371,True
2018-12-01 01:20:00,0.0,5.47163677215576,460.877597655318,56.0906715393066,True
2018-12-01 01:30:00,0.0,5.42910003662109,448.833601671487,62.5500907897949,True
2018-12-01 01:40:00,0.0,5.32448196411132,419.897313080936,64.07470703125,True
2018-12-01 01:50:00,0.0,5.3739161491394,433.450232886433,67.4965133666992,True
2018-12-01 02:00:00,0.0,4.73868322372436,274.30250892702,68.1387329101562,True
2018-12-01 02:10:00,0.0,4.46149015426635,213.892653526606,65.1380386352539,True
2018-12-01 02:20:00,0.0,4.62790298461914,249.574380426803,67.2378005981445,True
2018-12-01 02:30:00,0.0,4.23254108428955,167.431699428466,65.4020767211914,True
2018-12-01 02:40:00,0.0,4.66454601287841,257.664563786773,61.9303894042968,True
2018-12-01 02:50:00,0.0,4.16446208953857,154.153795087441,69.8780136108398,True
2018-12-01 03:00:00,0.0,4.37256622314453,195.502426635455,67.202766418457,True
2018-12-01 04:00:00,0.0,4.18897485733032,158.907852988149,72.762222290039,True
2018-12-01 04:10:00,0.0,4.07142305374145,136.375003534655,66.6180191040039,True
2018-12-01 04:20:00,0.0,4.55922985076904,234.643012360567,70.7059631347656,True
2018-12-01 04:30:00,0.0,4.32148694992065,185.140200025177,70.5543594360351,True
2018-12-01 04:40:00,0.0,5.03044700622558,343.514796638587,73.5358963012695,True
2018-12-01 04:50:00,0.0,4.90428400039672,312.828825923902,73.4357299804687,True
2018-12-01 05:00:00,0.0,4.83494520187377,296.462391919679,78.1984710693359,True
2018-12-01 05:10:00,0.0,3.91782593727111,112.762786082884,87.7505798339843,True
2018-12-01 05:20:00,0.0,4.1796178817749,157.089618349044,89.903450012207,True
2018-12-01 05:30:00,0.0,3.5531039237976,58.1732416031482,87.5113372802734,True
2018-12-01 05:40:00,0.0,3.76980996131896,88.0425088858801,76.1993865966796,True
2018-12-01 05:50:00,0.0,4.69021081924438,263.38302552599,78.0117034912109,True
2018-12-01 06:00:00,0.0,3.66707110404968,72.9449839582348,74.6162490844726,True
2018-12-01 06:10:00,0.0,3.6520071029663,70.8732882804034,68.6089782714843,True
2018-12-01 06:20:00,0.0,4.70751476287841,267.263111302193,73.7785415649414,True
2018-12-01 06:30:00,0.0,5.02896308898925,343.146876346202,75.3704071044921,True
2018-12-01 06:40:00,0.0,5.20491886138916,387.982975733088,73.8394699096679,True
2018-12-01 06:50:00,0.0,5.24848985671997,399.473587653975,75.453742980957,True
2018-12-01 07:00:00,0.0,4.80980587005615,290.613154913357,76.5867309570312,True
2018-12-01 07:10:00,0.0,4.39849519729614,200.818086978457,78.4655838012695,True
2018-12-01 07:20:00,0.0,4.58516407012939,240.246940068411,78.5646362304687,True
2018-12-01 07:30:00,0.0,4.71388101577758,268.695636801963,74.0004272460937,True
2018-12-01 07:40:00,0.0,4.63400602340698,250.915816290953,76.14306640625,True
2018-12-01 07:50:00,0.0,4.16768884658813,154.777897184176,73.6291580200195,True
2018-12-01 08:00:00,0.0,3.65815806388854,71.7148210093555,66.5220870971679,True
2018-12-01 08:10:00,0.0,4.17074584960937,155.369640497374,70.9393463134765,True
2018-12-01 08:20:00,0.0,4.78809404373168,285.596983226515,74.2773971557617,True
2018-12-01 08:30:00,0.0,4.60243415832519,244.002068586156,75.0512771606445,True
2018-12-01 08:40:00,0.0,4.76604080200195,280.535335564489,80.6754531860351,True
2018-12-01 08:50:00,0.0,4.08825397491455,139.560781576479,81.5450973510742,True
2018-12-01 09:00:00,0.0,4.01891183853149,126.51918995707,82.8421630859375,True
2018-12-01 09:10:00,0.0,4.48327922821044,218.468840478496,82.5381317138671,True
2018-12-01 09:20:00,0.0,4.31567287445068,183.969782835808,81.2066574096679,True
2018-12-01 09:30:00,0.0,4.21794986724853,164.56614645462,80.717529296875,True
2018-12-01 09:40:00,0.0,3.59772706031799,63.709477021087,87.1790618896484,True
2018-12-01 09:50:00,0.0,3.65882992744445,71.8071075419402,82.5451736450195,True
2018-12-01 10:30:00,8.82586574554443,3.91156196594238,111.645600330376,94.5979537963867,True
2018-12-01 22:00:00,0.0,3.57494497299194,60.8431768932387,41.60791015625,True
2018-12-01 22:10:00,8.85420036315917,3.84837102890014,100.726545138972,46.8390884399414,True
2018-12-01 22:30:00,0.0,3.55187892913818,58.0257539265585,74.4417037963867,True
2018-12-01 22:40:00,67.1658782958984,4.12852191925048,147.236866854982,70.684341430664,True
2018-12-02 02:30:00,17.9370594024658,4.27136898040771,175.110684051603,119.108703613281,True
2018-12-02 02:50:00,76.4954376220703,4.4088487625122,202.951284382975,119.526802062988,True
2018-12-02 08:40:00,0.0,3.93677592277526,116.180759888125,121.707397460937,True
2018-12-02 10:40:00,41.1524581909179,3.91869902610778,112.919000881161,70.7150726318359,True
2018-12-02 11:10:00,14.9404001235961,3.63669610023498,68.8048291318746,83.7730331420898,True
2018-12-02 14:50:00,24.8815898895263,3.71211910247802,79.3569005684258,97.4841690063476,True
2018-12-02 23:10:00,78.297737121582,4.24801111221313,170.481804713647,121.555702209472,True
2018-12-03 00:20:00,16.2141799926757,3.64566397666931,70.0118049148923,127.228797912597,True
2018-12-03 07:10:00,28.414680480957,3.71975398063659,80.4757907917492,121.510696411132,True
2018-12-03 08:40:00,3.36713099479675,3.53271508216857,55.7497113309846,148.306396484375,True
2018-12-03 13:40:00,0.0,3.69634795188903,77.0751720684539,76.4786834716796,True
2018-12-03 13:50:00,44.984130859375,3.83313703536987,98.189770708228,74.520896911621,True
2018-12-03 14:20:00,43.8708801269531,3.81476688385009,95.180146284707,85.1235961914062,True
2018-12-04 15:00:00,0.0,7.6437702178955,1333.07909396962,0.0,True
2018-12-04 15:20:00,0.0,6.41101884841918,771.622088185279,0.0,True
2018-12-04 15:30:00,255.50129699707,7.03271484375,1030.78404110136,68.3178100585937,True
2018-12-04 20:30:00,77.700942993164,4.73956823348999,274.503343201597,94.7501602172851,True
2018-12-04 20:40:00,0.0,5.27217006683349,405.78525029719,92.3651962280273,True
2018-12-04 20:50:00,0.0,5.34932613372802,426.681983262638,99.2273788452148,True
2018-12-04 21:00:00,0.0,4.26105594635009,173.063408059066,99.8316116333007,True
2018-12-04 21:10:00,0.0,5.27874708175659,407.546681767322,92.152603149414,True
2018-12-04 21:20:00,0.0,5.97940587997436,618.069656419493,85.2378234863281,True
2018-12-04 21:40:00,0.0,6.44303703308105,783.888657388516,0.0,True
2018-12-04 21:50:00,0.0,6.76779317855834,914.795834682089,87.0760803222656,True
2018-12-04 22:00:00,0.0,6.78910589218139,923.811519968235,82.8886032104492,True
2018-12-04 22:10:00,0.0,6.89470195770263,969.283265416967,78.6924133300781,True
2018-12-04 22:20:00,0.0,6.74434518814086,904.93884052599,77.344383239746,True
2018-12-04 22:30:00,0.0,6.48831701278686,801.428531894061,79.1204299926757,True
2018-12-04 22:40:00,0.0,6.81462383270263,934.677105231175,81.7251892089843,True
2018-12-04 22:50:00,0.0,6.68553686141967,880.500063341336,82.1553726196289,True
2018-12-04 23:00:00,0.0,6.65705919265747,868.809669604817,80.9727172851562,True
2018-12-04 23:10:00,0.0,6.25195980072021,712.338399987767,76.1655883789062,True
2018-12-04 23:20:00,0.0,5.9138331413269,596.302440678727,63.6044692993164,True
2018-12-04 23:30:00,0.0,6.18437194824218,687.973381562285,59.4600791931152,True
2018-12-04 23:40:00,0.0,5.91933679580688,598.111885333452,66.169563293457,True
2018-12-04 23:50:00,0.0,5.49299383163452,466.986707158689,68.1015319824218,True
2018-12-05 00:00:00,0.0,5.7191457748413,534.306417799868,71.4108123779296,True
2018-12-05 00:10:00,0.0,5.42131376266479,446.646622282409,65.1793136596679,True
2018-12-05 00:20:00,0.0,5.1336669921875,369.528835149508,59.8749084472656,True
2018-12-05 00:30:00,0.0,5.86621713638305,580.780189341795,55.1365203857421,True
2018-12-05 00:40:00,0.0,5.88122177124023,585.645981735296,55.3653182983398,True
2018-12-05 00:50:00,0.0,5.93282794952392,602.560910689169,56.1687393188476,True
2018-12-05 01:00:00,0.0,5.76416110992431,548.298875959359,59.9059982299804,True
2018-12-05 01:10:00,0.0,5.59240913391113,495.980065975262,62.9276390075683,True
2018-12-05 01:20:00,0.0,6.01969909667968,630.656119624176,68.2204895019531,True
2018-12-05 01:30:00,0.0,6.16659593582153,681.646550546677,73.0582427978515,True
2018-12-05 01:40:00,0.0,7.04497480392456,1036.36392377047,75.2012176513671,True
2018-12-05 01:50:00,0.0,6.08604621887207,653.400814420913,65.885757446289,True
2018-12-05 02:00:00,0.0,5.74450016021728,542.162647526602,68.391746520996,True
2018-12-05 02:10:00,0.0,6.87842607498168,962.186519690204,75.1869583129882,True
2018-12-05 02:20:00,0.0,7.51744508743286,1266.96403640767,78.8490371704101,True
2018-12-05 02:30:00,0.0,7.96921491622924,1512.41690086131,80.9767303466796,True
2018-12-05 02:40:00,0.0,7.97918891906738,1518.10163980029,80.8494720458984,True
2018-12-05 02:50:00,0.0,7.41700983047485,1215.34632005099,77.9795227050781,True
2018-12-05 03:00:00,0.0,7.53064918518066,1273.77618151191,78.5712814331054,True
2018-12-05 03:10:00,0.0,6.94463682174682,991.259746426564,77.3536071777343,True
2018-12-05 03:20:00,0.0,7.21228981018066,1114.4899090674,74.9602737426757,True
2018-12-05 03:30:00,0.0,7.5193428993225,1267.94169562014,70.0186920166015,True
2018-12-05 03:40:00,0.0,6.62305688858032,854.973179208819,66.1829528808593,True
2018-12-05 03:50:00,0.0,6.80689096450805,931.376233301545,60.4678993225097,True
2018-12-05 04:00:00,0.0,6.54050207138061,821.925035167987,64.1375732421875,True
2018-12-05 04:10:00,0.0,6.8409080505371,945.950451531677,53.7735786437988,True
2018-12-05 04:20:00,0.0,6.68702411651611,881.113166598257,49.365119934082,True
2018-12-05 04:30:00,0.0,6.68911218643188,881.974380096139,38.0366287231445,True
2018-12-05 04:40:00,0.0,6.84621715545654,948.237629770188,39.1920585632324,True
2018-12-05 04:50:00,0.0,6.54605102539062,824.122337763605,34.0305213928222,True
2018-12-05 05:00:00,0.0,7.15618801116943,1087.87712944643,35.9790306091308,True
2018-12-05 05:10:00,0.0,7.44387102127075,1229.03335260992,36.7771110534667,True
2018-12-05 05:20:00,0.0,7.59786081314086,1308.81054628358,29.2132396697998,True
2018-12-05 05:30:00,0.0,9.06174564361572,2183.86970187774,29.2099990844726,True
2018-12-05 05:40:00,0.0,10.0913200378417,2847.58755763912,34.7657585144042,True
2018-12-05 05:50:00,0.0,10.5438899993896,3086.4582476198,27.8629703521728,True
2018-12-05 06:00:00,0.0,12.6117000579833,3586.53447979987,24.8199195861816,True
2018-12-05 06:10:00,0.0,12.1085901260375,3537.83541155863,26.2929000854492,True
2018-12-05 06:20:00,0.0,14.0406198501586,3600.0,23.0713901519775,True
2018-12-05 06:30:00,0.0,11.7707796096801,3481.71774187214,0.0,True
2018-12-05 06:40:00,0.0,14.290280342102,3600.0,22.005479812622,True
2018-12-05 06:50:00,0.0,13.6656599044799,3600.0,25.0935306549072,True
2018-12-05 07:00:00,0.0,11.9124603271484,3507.67662027992,25.2557506561279,True
2018-12-05 07:10:00,0.0,13.5369901657104,3600.0,27.1043891906738,True
2018-12-05 07:20:00,0.0,11.3669300079345,3387.17384423499,24.7320899963378,True
2018-12-05 07:30:00,0.0,11.8828401565551,3502.54467902975,21.8520793914794,True
2018-12-05 07:40:00,0.0,13.1641502380371,3600.0,23.5578098297119,True
2018-12-05 07:50:00,0.0,15.0051803588867,3600.0,25.8818702697753,True
2018-12-05 08:00:00,0.0,11.9986000061035,3521.73213313899,19.1742897033691,True
2018-12-05 08:10:00,0.0,14.5104303359985,3600.0,23.9961700439453,True
2018-12-05 08:20:00,0.0,14.1119804382324,3600.0,24.5297908782958,True
2018-12-05 08:30:00,0.0,15.1051502227783,3600.0,28.0853004455566,True
2018-12-05 08:40:00,0.0,14.9042797088623,3600.0,29.3139095306396,True
2018-12-05 08:50:00,0.0,14.6703395843505,3600.0,25.6946296691894,True
2018-12-05 09:00:00,0.0,14.3760299682617,3600.0,24.2548103332519,True
2018-12-05 09:10:00,0.0,15.9136695861816,3600.0,28.1510791778564,True
2018-12-05 09:20:00,0.0,14.8430700302124,3600.0,31.9350299835205,True
2018-12-05 09:30:00,0.0,13.8017396926879,3600.0,32.1493492126464,True
2018-12-05 09:40:00,0.0,11.4088201522827,3398.46383733811,30.8037700653076,True
2018-12-05 09:50:00,0.0,12.7379398345947,3592.65234962379,16.583869934082,True
2018-12-05 10:00:00,0.0,15.1641597747802,3600.0,15.7853002548217,True
2018-12-05 10:10:00,0.0,13.4181900024414,3600.0,20.0203895568847,True
2018-12-05 10:20:00,0.0,14.3238897323608,3600.0,28.976110458374,True
2018-12-05 10:30:00,0.0,16.4285507202148,3600.0,28.389419555664,True
2018-12-05 10:40:00,0.0,14.7436199188232,3600.0,26.8564491271972,True
2018-12-05 10:50:00,0.0,14.2506504058837,3600.0,29.4333705902099,True
2018-12-05 11:00:00,0.0,12.4459495544433,3574.86744477211,32.1025695800781,True
2018-12-05 11:10:00,0.0,11.8074502944946,3488.78124494051,35.6588401794433,True
2018-12-05 11:20:00,0.0,12.9654998779296,3597.80465805535,30.7750606536865,True
2018-12-05 11:30:00,0.0,14.4597702026367,3600.0,24.136339187622,True
2018-12-05 11:40:00,0.0,12.1058197021484,3537.45478567907,23.5535106658935,True
2018-12-05 11:50:00,0.0,11.7362203598022,3474.83708222113,26.1860198974609,True
2018-12-05 12:00:00,0.0,12.262749671936,3557.02340594642,23.447509765625,True
2018-12-05 12:10:00,0.0,13.7619400024414,3600.0,28.5983009338378,True
2018-12-05 12:20:00,0.0,14.7193603515625,3600.0,24.2508106231689,True
2018-12-05 12:30:00,0.0,12.7623596191406,3593.56451768557,22.3180809020996,True
2018-12-05 12:40:00,0.0,12.5752201080322,3584.32428254783,20.9263591766357,True
2018-12-05 12:50:00,0.0,13.6432695388793,3600.0,18.0996894836425,True
2018-12-05 13:00:00,0.0,13.8620300292968,3600.0,24.9684391021728,True
2018-12-05 13:10:00,0.0,10.1433095932006,2878.03671222576,40.0411109924316,True
2018-12-05 13:20:00,1445.97595214843,11.3391199111938,3379.48090752219,40.409381866455,True
2018-12-07 23:00:00,0.0,3.52204394340515,54.5077964966449,172.401000976562,True
2018-12-08 00:10:00,0.0,3.52330899238586,54.6540718773003,165.185592651367,True
2018-12-11 19:20:00,31.7789897918701,3.67892098426818,74.6001677269569,68.969856262207,True
2018-12-11 19:40:00,16.6749992370605,3.52696394920349,55.0781266753229,73.890998840332,True
2018-12-12 05:30:00,373.780303955078,6.48427104949951,799.852053550792,46.930191040039,True
2018-12-12 05:40:00,381.391296386718,6.86436891555786,956.083218350982,49.5900497436523,True
2018-12-12 05:50:00,390.3623046875,7.1716661453247,1095.17676346039,52.971450805664,True
2018-12-12 06:00:00,391.97329711914,7.09059619903564,1057.2986630023,47.902229309082,True
2018-12-12 06:30:00,359.073608398437,6.29833984375,729.34217666321,24.7276992797851,True
2018-12-12 06:40:00,382.698486328125,7.16446876525878,1091.77839202417,28.1012001037597,True
2018-12-12 07:20:00,354.931488037109,6.78715276718139,922.983069842169,359.467102050781,True
2018-12-12 07:30:00,383.710693359375,6.89169406890869,967.96929858355,356.985198974609,True
2018-12-12 07:40:00,397.126190185546,7.19417905807495,1105.85196339468,357.198486328125,True
2018-12-12 07:50:00,386.404510498046,7.19170379638671,1104.67486788993,357.25210571289,True
2018-12-12 08:00:00,378.876190185546,6.84999990463256,949.869326441254,352.042388916015,True
2018-12-12 08:10:00,371.931488037109,7.35149192810058,1182.41193001707,348.312591552734,True
2018-12-12 08:20:00,380.942810058593,7.43958711624145,1226.84322034631,347.054107666015,True
2018-12-12 08:30:00,409.659301757812,7.35683012008666,1185.07172579204,346.417388916015,True
2018-12-12 08:40:00,387.271606445312,7.78646421432495,1410.18819974666,346.620788574218,True
2018-12-12 08:50:00,359.861785888671,7.44747877120971,1230.87995592329,346.43701171875,True
2018-12-12 09:00:00,342.482391357421,7.33079385757446,1172.13805876591,345.440795898437,True
2018-12-12 09:10:00,349.409698486328,7.35302114486694,1183.173450227,340.138092041015,True
2018-12-12 09:20:00,324.881713867187,7.61719703674316,1318.99905284567,338.2626953125,True
2018-12-12 09:30:00,286.881103515625,6.39543199539184,765.691194669613,337.691009521484,True
2018-12-12 09:40:00,267.586486816406,6.6981348991394,885.701550651397,329.719909667968,True
2018-12-12 09:50:00,236.350692749023,6.5157299041748,812.157583383372,328.130004882812,True
2018-12-12 10:00:00,167.70849609375,5.62249183654785,504.936873257265,323.345489501953,True
2018-12-12 10:10:00,144.76919555664,5.45013380050659,454.768727060502,324.193115234375,True
2018-12-12 10:20:00,152.044296264648,5.26063394546508,402.704534468507,321.868194580078,True
2018-12-12 10:30:00,151.858200073242,5.46735000610351,459.656400742449,310.442413330078,True
2018-12-12 10:40:00,134.31689453125,5.83595705032348,571.038191598042,314.24429321289,True
2018-12-12 10:50:00,81.896987915039,5.65833711624145,515.722841850812,319.484191894531,True
2018-12-12 11:00:00,73.350486755371,5.45385789871215,455.82372011419,316.841796875,True
2018-12-12 11:10:00,47.395709991455,4.98394298553466,332.064700217323,314.965301513671,True
2018-12-12 11:20:00,40.7320518493652,4.76536417007446,280.3805640063,305.309112548828,True
2018-12-12 11:30:00,106.755096435546,5.79533290863037,558.107353265241,304.072814941406,True
2018-12-12 11:40:00,96.6732864379882,5.48447608947753,464.545236770783,296.156188964843,True
2018-12-12 11:50:00,19.0560493469238,4.57648611068725,238.36711703286,277.955291748046,True
2018-12-12 12:00:00,85.9291534423828,5.37799310684204,434.577518045592,266.037200927734,True
2018-12-12 12:10:00,98.5075302124023,5.50122880935668,469.353458354699,268.363006591796,True
2018-12-12 12:20:00,101.869400024414,5.54954385757446,483.365635392692,271.894714355468,True
2018-12-12 12:30:00,0.0,4.34644985198974,190.18635302504,271.17041015625,True
2018-12-12 12:40:00,57.1620216369628,5.24281311035156,397.967533720875,280.528594970703,True
2018-12-12 12:50:00,123.546699523925,5.6981987953186,527.863891947291,285.3251953125,True
2018-12-12 13:00:00,65.1493301391601,5.06075286865234,351.066016376696,288.704986572265,True
2018-12-12 13:10:00,24.7746105194091,4.57656908035278,238.38506765484,289.724792480468,True
2018-12-12 13:20:00,0.0,4.06624889373779,135.398274056927,299.191009521484,True
2018-12-12 13:40:00,0.0,4.43249320983886,207.845870249708,294.983795166015,True
2018-12-12 13:50:00,0.0,4.50688409805297,223.458254358487,283.075012207031,True
2018-12-12 14:00:00,0.0,4.52114486694335,226.48881739996,277.027191162109,True
2018-12-12 14:10:00,41.9480400085449,5.05382204055786,349.332801222696,275.32080078125,True
2018-12-12 14:20:00,59.7236595153808,4.65327882766723,255.167695688853,272.455993652343,True
2018-12-12 14:30:00,21.6017093658447,4.19514608383178,160.109433595229,271.548187255859,True
2018-12-12 14:40:00,0.0401997789740562,4.21843385696411,164.661022089005,259.20669555664,True
2018-12-12 14:50:00,0.0,3.68456411361694,75.3962936879143,267.868988037109,True
2018-12-12 15:00:00,118.663497924804,5.75921201705932,546.750604929481,269.285491943359,True
2018-12-12 15:10:00,230.89599609375,6.71705818176269,893.549197412997,270.770385742187,True
2018-12-12 15:20:00,213.712097167968,6.34794378280639,747.784914011049,272.194305419921,True
2018-12-12 15:30:00,214.401306152343,6.10130214691162,658.69726263942,265.257598876953,True
2018-12-12 15:40:00,279.966613769531,7.27948999404907,1146.93762867518,260.033203125,True
2018-12-12 15:50:00,294.68960571289,7.43696403503417,1225.50354681779,255.863296508789,True
2018-12-12 16:00:00,288.436004638671,7.30793619155883,1160.86398568192,258.168090820312,True
2018-12-12 16:10:00,276.044494628906,7.056734085083,1041.73415340505,264.459899902343,True
2018-12-12 16:20:00,301.521301269531,7.60533618927001,1312.74369258346,275.17529296875,True
2018-12-12 16:30:00,324.292602539062,7.5317039489746,1274.32135612189,267.263305664062,True
2018-12-12 16:40:00,285.00259399414,6.77320718765258,917.080969422077,265.397399902343,True
2018-12-12 16:50:00,289.978698730468,6.85093402862548,950.272529124393,267.044403076171,True
2018-12-12 17:00:00,274.242706298828,6.57857084274291,837.069135300054,270.958312988281,True
2018-12-12 17:10:00,298.776092529296,6.88755989074707,966.165131813818,270.452911376953,True
2018-12-12 17:20:00,242.546600341796,5.8696060180664,581.877110747692,268.73941040039,True
2018-12-12 17:30:00,212.888702392578,5.67039108276367,519.37787156678,271.308502197265,True
2018-12-12 17:40:00,220.611495971679,5.59326696395874,496.234281365241,270.933898925781,True
2018-12-12 17:50:00,220.693801879882,5.54644012451171,482.458972751531,268.921203613281,True
2018-12-12 18:00:00,92.5371704101562,4.68493890762329,262.204838386608,266.123809814453,True
2018-12-12 18:20:00,59.8711509704589,4.10577917098999,142.892071471214,233.000503540039,True
2018-12-12 18:30:00,18.4194602966308,3.83074307441711,97.7945028367076,222.427703857421,True
2018-12-12 18:40:00,0.0,3.8001389503479,92.82223360024,221.614700317382,True
2018-12-12 18:50:00,0.0,4.01367712020874,125.543505246225,223.813705444335,True
2018-12-12 19:00:00,20.5135498046875,3.6501019001007,70.6138592443867,242.044799804687,True
2018-12-12 19:20:00,0.0,3.62372398376464,67.0816961143282,236.171600341796,True
2018-12-12 19:30:00,0.0,3.98622393608093,125.370178122507,224.988006591796,True
2018-12-12 19:40:00,49.6220588684082,4.20800685882568,162.619673569018,238.259002685546,True
2018-12-12 20:20:00,326.293701171875,6.311448097229,734.189948524865,204.336807250976,True
2018-12-12 20:40:00,369.467407226562,6.84818077087402,949.084423450396,196.621505737304,True
2018-12-12 20:50:00,375.768402099609,7.04648780822753,1037.05388097149,198.414505004882,True
2018-12-12 21:00:00,380.454315185546,7.50993108749389,1263.09796746914,199.626098632812,True
2018-12-12 21:10:00,389.285888671875,7.79136705398559,1412.8812384634,198.347305297851,True
2018-12-12 21:20:00,391.738098144531,8.08802700042724,1580.80192236964,200.668792724609,True
2018-12-12 21:30:00,373.715515136718,7.39219093322753,1202.79585532529,200.895202636718,True
2018-12-12 21:40:00,340.213409423828,6.30613422393798,732.2225034964,201.417404174804,True
2018-12-12 21:50:00,379.110595703125,7.27163410186767,1143.1118199868,201.59700012207,True
2018-12-12 22:00:00,374.714385986328,6.97675800323486,1005.56031982689,199.287902832031,True
2018-12-12 22:10:00,379.126708984375,7.10272789001464,1062.91142232471,204.694396972656,True
2018-12-12 22:20:00,387.544799804687,7.51538705825805,1265.9043902144,205.891494750976,True
2018-12-12 22:30:00,380.645202636718,6.95718193054199,996.829534867112,201.063598632812,True
2018-12-12 22:40:00,382.442687988281,7.37892198562622,1196.12343790399,199.992095947265,True
2018-12-12 22:50:00,383.376495361328,7.21600914001464,1116.26941656367,199.760299682617,True
2018-12-12 23:00:00,381.583190917968,7.11711978912353,1069.59503137768,199.565795898437,True
2018-12-12 23:10:00,389.145599365234,7.10769796371459,1065.21643560001,203.553802490234,True
2018-12-12 23:20:00,399.5078125,8.12715721130371,1603.63343614427,206.120300292968,True
2018-12-12 23:30:00,429.418792724609,8.7690725326538,1996.31875153332,204.84390258789,True
2018-12-12 23:40:00,426.359588623046,8.63387107849121,1911.16624299652,204.691802978515,True
2018-12-12 23:50:00,425.149597167968,7.97932004928588,1518.17644813152,201.565994262695,True
2018-12-13 00:00:00,373.932586669921,6.75729990005493,910.37670179864,204.493301391601,True
2018-12-13 00:20:00,379.155700683593,6.56204605102539,830.475434564945,200.407806396484,True
2018-12-13 00:30:00,383.429412841796,6.7695779800415,915.548777641572,203.401596069335,True
2018-12-13 00:40:00,382.723693847656,6.53933906555175,821.464938982259,202.604705810546,True
2018-12-13 00:50:00,391.424896240234,6.48085784912109,798.523535550039,200.3251953125,True
2018-12-13 01:40:00,411.207702636718,6.60939693450927,849.451673828769,207.758804321289,True
2018-12-13 01:50:00,505.635009765625,7.1566309928894,1088.08559511331,210.705596923828,True
2018-12-16 03:30:00,0.0,3.61866497993469,66.4169879497176,164.789398193359,True
2018-12-16 20:40:00,8.08052730560302,3.78893589973449,91.0395371026943,66.8102493286132,True
2018-12-16 21:10:00,28.2519302368164,3.55186104774475,58.0236028092668,60.9092102050781,True
2018-12-17 06:00:00,12.1025400161743,3.91867804527282,112.915245518035,50.74898147583,True
2018-12-17 06:10:00,68.4683685302734,4.10269498825073,142.304761967418,49.6869583129882,True
2018-12-17 19:00:00,0.0,3.50115489959716,52.1294554583292,194.014099121093,True
2018-12-17 19:10:00,8.77486896514892,3.61644697189331,66.1268526331005,192.20539855957,True
2018-12-18 01:20:00,0.0,3.95090007781982,118.765679130054,51.1641006469726,True
2018-12-18 01:30:00,23.7970600128173,3.55882000923156,58.8646245128157,51.9692497253417,True
2018-12-18 02:50:00,0.0,3.69664311408996,77.1175099235961,67.957778930664,True
2018-12-18 03:20:00,44.9903106689453,3.82068109512329,96.1431918353665,66.7774429321289,True
2018-12-18 04:00:00,0.0,3.53272008895874,55.7502983010963,67.9747161865234,True
2018-12-19 09:30:00,1668.53503417968,11.2001895904541,3338.63657666072,357.958892822265,True
2018-12-19 09:40:00,1573.84204101562,11.6189403533935,3449.8390523376,357.27490234375,True
2018-12-19 09:50:00,1055.07702636718,10.61203956604,3117.54892645121,356.696105957031,True
2018-12-19 10:00:00,1063.83898925781,11.2402200698852,3350.82285010991,356.967010498046,True
2018-12-19 10:10:00,775.766479492187,10.3022403717041,2966.15310332413,356.524597167968,True
2018-12-19 10:20:00,766.856506347656,9.68932247161865,2583.29796412464,357.158508300781,True
2018-12-19 10:30:00,834.370727539062,10.321660041809,2976.41926078396,357.713409423828,True
2018-12-19 10:40:00,699.728210449218,9.89971446990966,2728.15413962659,357.19400024414,True
2018-12-19 10:50:00,526.748779296875,8.58695793151855,1881.88236054041,357.116485595703,True
2018-12-19 11:00:00,710.285095214843,9.51360988616943,2450.63752755776,357.15591430664,True
2018-12-19 11:10:00,728.279479980468,9.78605270385742,2651.73720147805,357.810394287109,True
2018-12-19 11:20:00,641.308471679687,9.09061622619628,2202.56401872793,357.033508300781,True
2018-12-19 11:30:00,590.684875488281,8.64444828033447,1917.78821173027,359.600799560546,True
2018-12-19 11:40:00,644.867614746093,8.96165466308593,2119.30113653416,2.84771800041198,True
2018-12-19 11:50:00,659.91357421875,8.85015106201171,2047.87402538592,2.1537389755249,True
2018-12-19 12:00:00,717.690673828125,9.12107563018798,2222.31800581563,1.33857703208923,True
2018-12-19 12:10:00,687.479675292968,8.59460163116455,1886.64387504468,1.08210802078247,True
2018-12-19 12:20:00,674.707824707031,8.66788482666015,1932.4858132086,0.953871011734008,True
2018-12-19 12:30:00,549.281616210937,7.97357892990112,1514.90290151465,6.95480585098266,True
2018-12-19 12:40:00,554.392700195312,8.32504081726074,1721.26226590264,6.23589086532592,True
2018-12-19 12:50:00,470.583587646484,8.27796363830566,1692.96408320946,5.94642686843872,True
2018-12-19 13:00:00,473.275207519531,8.6211929321289,1903.23831368466,6.65474796295166,True
2018-12-19 13:10:00,449.673309326171,8.12817001342773,1604.22634650203,7.42886495590209,True
2018-12-19 13:20:00,504.468200683593,8.19674682617187,1644.59744201156,6.76600980758666,True
2018-12-19 13:30:00,481.746490478515,8.69363689422607,1948.67429798013,6.44512510299682,True
2018-12-19 13:40:00,616.231323242187,9.39369773864746,2400.24204849556,7.24710798263549,True
2018-12-19 13:50:00,517.172424316406,8.93686866760253,2103.3749415215,7.63129186630249,True
2018-12-19 14:00:00,462.662689208984,8.74592876434326,1981.66693929559,8.10267925262451,True
2018-12-19 14:10:00,439.507598876953,8.48792552947998,1820.55301478519,4.19872617721557,True
2018-12-19 14:20:00,447.286804199218,8.39840126037597,1765.72443734883,2.2039361000061,True
2018-12-19 14:30:00,406.900390625,8.111741065979,1594.6207597806,2.78018903732299,True
2018-12-19 14:40:00,416.122314453125,8.72126674652099,1966.08714208911,4.03088283538818,True
2018-12-19 14:50:00,415.027099609375,8.76860332489013,1996.02141229519,9.24868011474609,True
2018-12-19 15:00:00,382.529998779296,8.43788337707519,1789.83017826901,11.437569618225,True
2018-12-19 15:10:00,391.554992675781,8.73073101043701,1972.06191739131,11.4621696472167,True
2018-12-19 15:20:00,368.610412597656,8.81867980957031,2027.82186459025,10.5476903915405,True
2018-12-19 15:30:00,348.700103759765,8.59587287902832,1887.43615204566,11.2672004699707,True
2018-12-19 15:40:00,363.815887451171,9.0629186630249,2184.62868168841,11.3123397827148,True
2018-12-19 15:50:00,313.184295654296,8.26464557647705,1684.99295306092,12.5402898788452,True
2018-12-19 16:00:00,310.730712890625,8.64752578735351,1919.71623941334,11.9505195617675,True
2018-12-19 16:10:00,321.759704589843,8.55216598510742,1860.25877253718,14.9950399398803,True
2018-12-19 16:20:00,341.100891113281,9.08530521392822,2199.12283976292,13.4346303939819,True
2018-12-19 16:30:00,354.730804443359,9.53029441833496,2463.70863252041,13.3814496994018,True
2018-12-19 16:40:00,362.809204101562,9.91634845733642,2738.98329049312,13.8177404403686,True
2018-12-19 16:50:00,305.099487304687,9.38117408752441,2392.03459286129,11.9121503829956,True
2018-12-19 17:00:00,265.074005126953,8.98094654083251,2131.71519761875,14.4395399093627,True
2018-12-19 17:10:00,199.556701660156,8.39490604400634,1763.59627735051,14.3134698867797,True
2018-12-19 17:20:00,232.256896972656,9.01496028900146,2153.63966759577,14.6125802993774,True
2018-12-19 17:30:00,139.330993652343,8.34489059448242,1733.24965505817,13.742070198059,True
2018-12-19 17:40:00,151.732803344726,8.77329921722412,1998.99776492525,14.1351804733276,True
2018-12-19 17:50:00,108.188003540039,8.76385879516601,1993.0154598271,13.7569303512573,True
2018-12-19 18:00:00,64.3553466796875,8.45167446136474,1798.27841321204,13.2532901763916,True
2018-12-19 18:10:00,6.69667387008666,7.60010004043579,1309.98794951611,14.8027896881103,True
2018-12-19 18:20:00,0.0,8.17599201202392,1632.33279607856,16.8692893981933,True
2018-12-19 18:30:00,0.0,7.70918798446655,1368.12032572223,20.9329395294189,True
2018-12-19 18:40:00,0.0,7.13542604446411,1078.1361419435,24.7651996612548,True
2018-12-19 18:50:00,0.0,6.95573902130126,996.187909790424,19.8588600158691,True
2018-12-19 19:00:00,0.0,7.07143306732177,1048.47209188717,18.7401504516601,True
2018-12-19 19:10:00,0.0,6.71092510223388,891.001198558545,21.6468601226806,True
2018-12-19 19:20:00,0.0,6.38597202301025,762.104554549052,22.8737392425537,True
2018-12-19 19:30:00,0.0,6.42075490951538,775.340203264667,21.0624504089355,True
2018-12-19 19:40:00,0.0,6.24040412902832,708.137902870293,18.3854694366455,True
2018-12-19 19:50:00,0.0,6.61765623092651,852.787638290762,20.9420299530029,True
2018-12-19 20:00:00,0.0,6.49536180496215,804.177808937712,26.6078605651855,True
2018-12-19 20:10:00,0.0,6.15066814422607,676.006259172864,21.100040435791,True
2018-12-19 20:20:00,0.0,6.08639621734619,653.522045798234,23.0732402801513,True
2018-12-19 20:30:00,0.0,6.45634412765502,789.019896438932,23.5880107879638,True
2018-12-19 20:40:00,0.0,5.9421272277832,605.63877876572,25.9640598297119,True
2018-12-19 20:50:00,0.0,5.9229040145874,599.286390423006,27.878189086914,True
2018-12-19 21:00:00,0.0,6.02636814117431,632.921090298133,28.7698097229003,True
2018-12-19 21:10:00,0.0,6.38378095626831,761.275228873241,26.3375205993652,True
2018-12-19 21:20:00,0.0,6.30990982055664,733.620092580161,26.5319690704345,True
2018-12-19 21:30:00,0.0,6.09353017807006,655.995936808876,28.0272598266601,True
2018-12-19 21:40:00,0.0,6.22476291656494,702.475155365988,24.4506301879882,True
2018-12-19 21:50:00,0.0,6.62568283081054,856.037046199672,25.6972103118896,True
2018-12-19 22:00:00,0.0,6.61584615707397,852.055878798794,26.9346599578857,True
2018-12-19 22:10:00,0.0,5.89069080352783,588.728723102082,21.7376308441162,True
2018-12-19 22:20:00,0.0,6.20025920867919,693.656602415358,22.290470123291,True
2018-12-19 22:30:00,0.0,5.86466884613037,580.27943152374,20.5001106262207,True
2018-12-19 22:40:00,0.0,5.98466205596923,619.834333477179,24.2264194488525,True
2018-12-19 22:50:00,0.0,5.34262514114379,424.846736562627,31.6552505493164,True
2018-12-19 23:00:00,0.0,5.79193019866943,557.031885255774,34.4794883728027,True
2018-12-19 23:10:00,0.0,5.48798990249633,465.551607759015,32.1888084411621,True
2018-12-19 23:20:00,0.0,4.64596891403198,253.552189878197,32.2732887268066,True
2018-12-19 23:30:00,0.0,6.21514177322387,699.004958211648,26.2909908294677,True
2018-12-19 23:40:00,0.0,6.0647587776184,646.0519417293,35.5828285217285,True
2018-12-19 23:50:00,0.0,6.07055616378784,648.048524323041,42.1116981506347,True
2018-12-20 00:00:00,0.0,6.14595794677734,674.343499845264,38.7605285644531,True
2018-12-20 00:10:00,0.0,5.95770692825317,610.81592168551,36.1369400024414,True
2018-12-20 00:20:00,0.0,6.37413883209228,757.631870826164,38.0224685668945,True
2018-12-20 00:30:00,0.0,5.89524793624877,590.215683040259,40.1728210449218,True
2018-12-20 00:40:00,0.0,5.75396013259887,545.110295374597,40.73583984375,True
2018-12-20 00:50:00,0.0,5.4361572265625,450.820498205527,43.7623405456542,True
2018-12-20 01:00:00,0.0,5.702880859375,529.300168782882,42.4003601074218,True
2018-12-20 01:10:00,0.0,6.57607078552246,836.069592197639,41.8761711120605,True
2018-12-20 01:20:00,0.0,6.15620613098144,677.964273399459,41.0325012207031,True
2018-12-20 01:30:00,0.0,6.41116189956665,771.676643036491,37.6840782165527,True
2018-12-20 01:40:00,0.0,6.13723516464233,671.270511714753,41.3880615234375,True
2018-12-20 01:50:00,0.0,6.7995867729187,928.264904774085,42.6800003051757,True
2018-12-20 02:00:00,0.0,6.21105623245239,697.534370388193,45.0518417358398,True
2018-12-20 02:10:00,0.0,6.18327808380126,687.583077046812,51.1744689941406,True
2018-12-20 02:20:00,0.0,6.14550590515136,674.184048196062,51.7134284973144,True
2018-12-20 02:30:00,0.0,6.46420097351074,792.058667392328,55.5957603454589,True
2018-12-20 02:40:00,0.0,6.56182384490966,830.386979423018,57.3474082946777,True
2018-12-20 02:50:00,0.0,5.71406078338623,532.73847815049,50.3058204650878,True
2018-12-20 03:00:00,0.0,5.70207786560058,529.053687926892,54.805908203125,True
2018-12-20 03:10:00,0.0,6.45990085601806,790.394679566101,56.2735214233398,True
2018-12-20 03:20:00,0.0,6.86707210540771,957.255014963446,55.5367393493652,True
2018-12-20 03:30:00,0.0,6.96425485610961,999.978456932557,57.9422302246093,True
2018-12-20 03:40:00,0.0,6.9345908164978,986.813659776253,62.1507606506347,True
2018-12-20 03:50:00,0.0,6.7501630783081,907.378514404811,66.5149612426757,True
2018-12-20 04:00:00,0.0,6.74599409103393,905.629887888206,67.3659591674804,True
2018-12-20 04:10:00,0.0,6.98765087127685,1010.4393469885,65.8412170410156,True
2018-12-20 04:20:00,0.0,6.67930316925048,877.933077114126,66.8923110961914,True
2018-12-20 04:30:00,0.0,6.48988914489746,802.041590147626,64.8131484985351,True
2018-12-20 04:40:00,0.0,6.36674118041992,754.843467808776,60.2223510742187,True
2018-12-20 04:50:00,0.0,6.70881986618041,890.127583263092,59.5374412536621,True
2018-12-20 05:00:00,0.0,6.26444101333618,716.891460705247,56.9673805236816,True
2018-12-20 05:10:00,0.0,6.41515588760375,773.200718596588,58.7917594909667,True
2018-12-20 05:20:00,0.0,5.52588319778442,476.47657308983,51.0689506530761,True
2018-12-20 05:30:00,0.0,5.21774387359619,391.348812364441,52.1767387390136,True
2018-12-20 05:40:00,0.0,5.35956287384033,429.493150604511,57.2617301940917,True
2018-12-20 05:50:00,0.0,5.40173482894897,441.171303229805,52.6270904541015,True
2018-12-20 06:00:00,0.0,6.20867490768432,696.678039697877,57.7157287597656,True
2018-12-20 06:10:00,0.0,6.01924610137939,630.502443822316,60.9743614196777,True
2018-12-20 06:20:00,0.0,5.14729976654052,373.027820213248,67.1935195922851,True
2018-12-20 06:30:00,0.0,5.95085620880126,608.536242231568,64.4799270629882,True
2018-12-20 06:40:00,0.0,6.1547417640686,677.446211867228,60.604621887207,True
2018-12-20 06:50:00,0.0,6.33941411972045,744.594618296073,58.0428009033203,True
2018-12-20 07:00:00,0.0,5.6585521697998,515.787927118386,65.4449081420898,True
2018-12-20 07:10:00,0.0,5.31418800354003,417.101796724193,68.490119934082,True
2018-12-20 07:20:00,0.0,6.08230400085449,652.105414677627,73.1498184204101,True
2018-12-20 07:30:00,0.0,5.8161129951477,564.700691026073,77.7785415649414,True
2018-12-20 07:40:00,0.0,4.86218786239624,302.85149147034,82.7686691284179,True
2018-12-20 07:50:00,0.0,4.84094095230102,297.864021390918,81.8123779296875,True
2018-12-20 08:00:00,0.0,4.1711368560791,155.445360846762,74.4175109863281,True
2018-12-20 08:10:00,0.0,4.34085798263549,189.05301264575,88.5226364135742,True
2018-12-20 08:20:00,0.0,4.00399923324584,123.742873846042,83.1794281005859,True
2018-12-20 09:20:00,0.0,3.64439892768859,69.8407639265324,85.2881927490234,True
2018-12-20 10:30:00,0.0,3.50213599205017,52.2395961065822,91.0213165283203,True
2018-12-20 10:50:00,0.0,3.95378494262695,119.297575506614,93.1923828125,True
2018-12-20 11:00:00,0.0,4.30205011367797,181.234570104447,92.9173202514648,True
2018-12-20 11:10:00,0.0,4.79004096984863,286.045452817376,105.804496765136,True
2018-12-20 11:20:00,0.0,4.99125099182128,333.853164362394,98.1312637329101,True
2018-12-20 11:30:00,0.0,4.19639015197753,160.351893808677,94.1143188476562,True
2018-12-20 11:40:00,0.0,4.50848007202148,223.796805250436,97.6134719848632,True
2018-12-20 11:50:00,0.0,3.61100101470947,65.4178116687835,95.4950103759765,True
2018-12-20 12:00:00,0.0,4.41079378128051,203.352708114217,87.4480209350585,True
2018-12-20 12:10:00,0.0,4.06988811492919,136.085123082414,82.8016510009765,True
2018-12-20 12:20:00,0.0,4.91586303710937,315.595773577477,78.2662734985351,True
2018-12-20 12:30:00,0.0,5.16023588180541,376.361870495963,92.8043518066406,True
2018-12-20 12:40:00,0.0,4.53182792663574,228.767159164638,91.5528717041015,True
2018-12-20 12:50:00,0.0,5.24503898620605,398.557741671166,89.7043762207031,True
2018-12-20 13:00:00,0.0,5.03381204605102,344.349747913249,89.8263397216796,True
2018-12-20 13:10:00,0.0,5.65711688995361,515.353629283128,87.1656417846679,True
2018-12-20 13:20:00,0.0,5.3926830291748,438.651463674401,88.0492706298828,True
2018-12-20 13:30:00,0.0,4.98554706573486,332.456915670998,87.223876953125,True
2018-12-20 13:40:00,0.0,5.18586492538452,383.00745459647,87.962059020996,True
2018-12-20 13:50:00,0.0,4.64204883575439,252.687268896551,100.020401000976,True
2018-12-20 14:00:00,0.0,4.19684314727783,160.440198761689,98.5038909912109,True
2018-12-20 14:10:00,0.0,4.69317293167114,264.045815478373,102.743499755859,True
2018-12-20 14:20:00,0.0,5.69034481048583,525.459431804254,109.718200683593,True
2018-12-20 14:30:00,0.0,6.11908388137817,664.901986828862,109.338996887207,True
2018-12-20 14:40:00,0.0,5.40814685821533,442.960687535352,106.154899597167,True
2018-12-20 14:50:00,0.0,5.56618022918701,488.240844020214,108.847396850585,True
2018-12-20 15:00:00,0.0,6.03158903121948,634.697550699725,110.58689880371,True
2018-12-20 15:10:00,0.0,6.6020278930664,846.481821911512,110.54930114746,True
2018-12-20 15:20:00,0.0,6.51533699035644,812.003212065352,114.103698730468,True
2018-12-20 15:30:00,0.0,5.93426513671875,603.035991136048,112.520896911621,True
2018-12-20 15:40:00,0.0,5.80004501342773,559.598611442254,108.839302062988,True
2018-12-20 15:50:00,0.0,6.06962585449218,647.727889890765,110.053199768066,True
2018-12-20 16:00:00,0.0,6.13858604431152,671.74588683207,110.94049835205,True
2018-12-20 16:10:00,0.0,6.90382289886474,973.274447246149,115.223098754882,True
2018-12-20 16:20:00,0.0,7.28720092773437,1150.70131563465,117.230400085449,True
2018-12-20 16:30:00,0.0,8.15362834930419,1619.16216235808,119.596099853515,True
2018-12-20 16:40:00,0.0,9.04738426208496,2174.58149694519,121.659103393554,True
2018-12-20 16:50:00,0.0,7.33253288269042,1172.99887182157,130.416900634765,True
2018-12-20 17:00:00,0.0,4.90233707427978,312.364546657565,135.074493408203,True
2018-12-20 17:50:00,0.0,4.10754108428955,143.227788335909,294.603393554687,True
2018-12-20 18:30:00,0.0,3.60911297798156,65.173104891056,281.261993408203,True
2018-12-20 18:40:00,0.0,4.30752182006835,182.331991999999,280.541290283203,True
2018-12-20 18:50:00,0.0,4.50569200515747,223.205478066298,286.517395019531,True
2018-12-20 19:00:00,0.0,4.19501018524169,160.082952619376,279.968688964843,True
2018-12-20 19:30:00,0.0,3.56726002693176,59.8950359141863,238.621994018554,True
2018-12-20 21:40:00,0.0,3.52900791168212,55.3162028236111,256.26089477539,True
2018-12-20 21:50:00,0.0,3.76384902000427,87.1203946690557,244.097900390625,True
2018-12-20 22:30:00,0.0,3.63100290298461,68.0452659815091,258.429595947265,True
2018-12-20 22:40:00,0.0,3.916433095932,112.513828615386,268.965087890625,True
2018-12-20 23:40:00,0.0,4.44455385208129,210.354944906708,229.494705200195,True
2018-12-20 23:50:00,0.0,3.57274293899536,60.5705319813751,249.84260559082,True
2018-12-21 00:30:00,0.0,3.72243404388427,80.8707652253361,225.14599609375,True
2018-12-21 00:40:00,0.0,4.38761281967163,198.582492707129,239.438598632812,True
2018-12-21 00:50:00,0.0,4.3493309020996,190.770946118931,244.960906982421,True
2018-12-21 01:20:00,0.0,4.24212408065795,169.31964582299,236.98030090332,True
2018-12-21 01:30:00,0.0,4.36158180236816,193.261896779082,236.992797851562,True
2018-12-21 01:40:00,0.0,4.04060411453247,130.575431850623,241.488296508789,True
2018-12-21 01:50:00,0.0,3.74255394935607,83.8726357957394,256.232299804687,True
2018-12-21 02:30:00,0.0,3.81973910331726,95.9894271067433,236.822799682617,True
2018-12-21 02:40:00,0.0,3.51650309562683,53.8701348834265,227.000396728515,True
2018-12-21 02:50:00,0.0,4.19627714157104,160.329865655052,223.38589477539,True
2018-12-21 03:00:00,0.0,3.88532710075378,107.034793250449,237.453292846679,True
2018-12-21 03:30:00,0.0,4.18958902359008,159.027349890599,234.88670349121,True
2018-12-21 04:00:00,0.0,3.64919209480285,70.4901771100531,227.281997680664,True
2018-12-21 04:20:00,0.0,4.0722279548645,136.527056495973,219.058303833007,True
2018-12-21 04:30:00,0.0,3.5458960533142,57.3088737879771,213.917007446289,True
2018-12-21 04:40:00,0.0,4.69389104843139,264.206585720083,201.892196655273,True
2018-12-21 04:50:00,0.0,6.50988101959228,809.861399479224,192.256698608398,True
2018-12-21 05:00:00,425.055511474609,7.43562507629394,1224.82010702719,189.864395141601,True
2018-12-21 07:30:00,0.0,3.61826801300048,66.3650032879814,227.282806396484,True
2018-12-21 08:00:00,0.0,3.68504405021667,75.4642376659149,211.495895385742,True
2018-12-21 08:10:00,0.0,3.71827292442321,80.2580130983015,219.792602539062,True
2018-12-24 09:20:00,1283.03405761718,14.6633195877075,3600.0,197.972106933593,True
2018-12-25 07:40:00,996.134094238281,9.45637798309326,2441.35232674459,28.4416809082031,True
2018-12-25 07:50:00,1124.02905273437,10.3814096450805,3007.33889282805,28.6366004943847,True
2018-12-25 08:00:00,898.58447265625,9.90887069702148,2734.12612346166,27.7537097930908,True
2018-12-25 08:10:00,577.911987304687,9.3366641998291,2362.88542736663,27.3885898590087,True
2018-12-25 08:20:00,538.592712402343,8.97724056243896,2129.32924622486,27.491979598999,True
2018-12-25 08:30:00,514.963989257812,9.21616172790527,2284.16894815594,27.9152603149414,True
2018-12-25 08:40:00,430.029510498046,8.62738132476806,1907.10677241431,27.1384906768798,True
2018-12-25 08:50:00,500.966186523437,9.37339782714843,2386.93959432434,27.1950607299804,True
2018-12-25 09:00:00,491.196014404296,9.59945201873779,2516.81699369056,27.0485305786132,True
2018-12-25 09:10:00,441.622314453125,9.66559410095214,2566.01942705474,27.8072490692138,True
2018-12-25 09:20:00,422.822204589843,9.31974124908447,2351.81201175094,28.0628395080566,True
2018-12-25 09:30:00,632.466979980468,10.3390302658081,2985.51149286111,27.3323497772216,True
2018-12-25 09:40:00,513.229125976562,9.51859092712402,2454.55041682301,27.8118305206298,True
2018-12-25 09:50:00,525.494079589843,9.04170608520507,2170.91123621981,27.9839191436767,True
2018-12-25 10:00:00,844.889526367187,9.58346557617187,2504.69281228394,27.6650199890136,True
2018-12-25 10:10:00,1189.47802734375,10.7357301712036,3170.93231314606,27.7727909088134,True
2018-12-25 10:20:00,1001.63397216796,10.1757001876831,2896.59688494627,28.2180805206298,True
2018-12-25 10:30:00,1010.65997314453,10.1062698364257,2856.42706724205,29.1776103973388,True
2018-12-25 10:40:00,1079.81396484375,10.3001298904418,2965.03094214534,27.3852195739746,True
2018-12-25 10:50:00,752.679626464843,9.64902877807617,2553.84080370146,27.4530906677246,True
2018-12-25 11:00:00,779.433227539062,9.97485065460205,2776.36543991871,28.896499633789,True
2018-12-25 11:10:00,775.470886230468,9.53974819183349,2471.07009412082,27.8062992095947,True
2018-12-25 11:20:00,819.588989257812,10.2737302780151,2950.88647768667,27.4263095855712,True
2018-12-25 11:30:00,663.966979980468,9.05426979064941,2179.0337637894,26.4816398620605,True
2018-12-25 11:40:00,509.426391601562,8.66327953338623,1929.59504488339,27.4902992248535,True
2018-12-25 11:50:00,549.738891601562,9.01639747619628,2154.56705736015,27.844970703125,True
2018-12-25 12:00:00,707.576110839843,9.92366790771484,2743.72019799034,27.723159790039,True
2018-12-25 12:10:00,657.104125976562,10.0184297561645,2803.50797025167,28.9408702850341,True
2018-12-25 12:20:00,582.27978515625,9.51822090148925,2454.26005167695,31.5352802276611,True
2018-12-25 12:30:00,385.731689453125,7.51663017272949,1266.54438155355,23.292869567871,True
2018-12-25 12:40:00,355.736389160156,7.6745228767395,1349.48535899362,22.0806503295898,True
2018-12-25 12:50:00,430.185089111328,8.74195861816406,1979.15653301401,21.9192104339599,True
2018-12-25 13:00:00,520.343994140625,9.85407638549804,2697.98144228285,27.0352401733398,True
2018-12-25 13:10:00,710.829223632812,10.974510192871,3263.36792715788,30.1736793518066,True
2018-12-25 13:20:00,574.221984863281,10.6785097122192,3146.71793970755,28.0269508361816,True
2018-12-25 13:30:00,603.153869628906,10.4027299880981,3018.13080789366,29.0696792602539,True
2018-12-25 13:40:00,702.784790039062,11.0820999145507,3300.66517663046,28.3243007659912,True
2018-12-25 13:50:00,535.895080566406,9.93019104003906,2747.92725583856,28.5829200744628,True
2018-12-25 14:00:00,468.023406982421,9.69933319091796,2590.52914291093,27.41575050354,True
2018-12-25 14:10:00,772.25048828125,11.4343500137329,3405.17058260057,29.2689609527587,True
2018-12-25 14:20:00,549.653076171875,10.1654300689697,2890.74583027801,31.5457191467285,True
2018-12-25 14:30:00,647.522583007812,11.1200895309448,3313.21420622207,33.8820686340332,True
2018-12-25 14:40:00,703.046020507812,11.0595998764038,3293.08142230284,35.9638595581054,True
2018-12-25 14:50:00,587.712829589843,9.83682823181152,2686.40070657442,37.7329406738281,True
2018-12-25 15:00:00,529.93408203125,9.45459270477294,2440.18074940898,38.1535911560058,True
2018-12-25 15:10:00,546.272277832031,9.38184833526611,2392.47640424842,38.2806892395019,True
2018-12-25 15:20:00,454.950012207031,9.25150871276855,2307.224469953,34.4805908203125,True
2018-12-25 15:30:00,464.645904541015,9.01889038085937,2156.17587238365,42.5276794433593,True
2018-12-25 15:40:00,549.704711914062,9.82732391357421,2679.97741151738,43.2972412109375,True
2018-12-25 15:50:00,543.931823730468,9.83292865753173,2683.76887174068,45.9247512817382,True
2018-12-25 16:00:00,491.938812255859,9.44211196899414,2431.99133888912,46.2906684875488,True
2018-12-25 16:10:00,775.52587890625,11.6954803466796,3466.44399302866,44.1313514709472,True
2018-12-25 16:20:00,776.2216796875,10.9126396179199,3240.7178287381,41.1409111022949,True
2018-12-25 16:30:00,826.080627441406,12.1518096923828,3543.60821579761,38.0436210632324,True
2018-12-25 16:40:00,761.095275878906,11.4945802688598,3420.47778980773,40.18701171875,True
2018-12-25 16:50:00,587.977722167968,10.2173500061035,2920.00587948343,39.7781906127929,True
2018-12-25 17:00:00,596.111389160156,10.3725996017456,3002.84260659776,38.1823196411132,True
2018-12-25 17:10:00,601.004577636718,10.7568798065185,3179.67579038832,39.0508804321289,True
2018-12-25 17:20:00,630.075378417968,11.0150604248046,3277.7334775566,37.3407707214355,True
2018-12-25 17:30:00,502.758392333984,9.59665393829345,2514.70148626745,37.4801902770996,True
2018-12-25 17:40:00,624.046997070312,10.2533502578735,2939.83025614915,32.4023284912109,True
2018-12-25 17:50:00,714.735229492187,11.3584995269775,3384.85852049531,41.7398986816406,True
2018-12-25 18:00:00,628.325317382812,10.7764701843261,3187.67621489058,38.5550308227539,True
2018-12-25 18:10:00,465.480804443359,9.94808101654052,2759.39540115538,37.4414291381835,True
2018-12-25 18:20:00,413.874786376953,10.0235500335693,2806.65803529144,37.2215614318847,True
2018-12-25 18:30:00,367.076507568359,9.32648086547851,2356.22137986955,38.1141204833984,True
2018-12-25 18:40:00,320.814910888671,9.15353298187255,2243.40062110499,38.1856803894042,True
2018-12-25 18:50:00,273.446105957031,8.58969783782958,1883.58869439706,38.9029693603515,True
2018-12-25 19:00:00,201.082000732421,7.90757417678833,1477.52074637966,38.1277618408203,True
2018-12-25 19:10:00,177.775894165039,7.65127420425415,1337.07141340502,42.2904586791992,True
2018-12-25 19:20:00,166.488800048828,7.78901004791259,1411.58622627188,43.1180191040039,True
2018-12-25 19:30:00,288.896087646484,9.17784309387207,2259.21215337804,45.2025413513183,True
2018-12-25 19:40:00,312.888092041015,10.016710281372,2802.44829362536,40.789321899414,True
2018-12-25 19:50:00,266.11441040039,9.63289642333984,2541.88822297743,35.4120216369628,True
2018-12-25 20:00:00,238.497192382812,9.50066471099853,2440.4259979471,37.7657890319824,True
2018-12-25 20:10:00,167.39729309082,8.79990863800048,2015.88586970961,37.7954406738281,True
2018-12-25 20:20:00,140.366302490234,8.23713874816894,1668.57861310504,38.849510192871,True
2018-12-25 20:30:00,221.23030090332,9.51874637603759,2454.67238524191,36.9693298339843,True
2018-12-25 20:40:00,153.18130493164,8.52879047393798,1845.77714289927,36.9225997924804,True
2018-12-25 20:50:00,207.857803344726,9.2581615447998,2311.56728994908,36.8730583190917,True
2018-12-25 21:00:00,168.768295288085,8.92798423767089,2097.67280448031,36.6893501281738,True
2018-12-25 21:10:00,211.157897949218,9.42569255828857,2421.22030913777,35.9383392333984,True
2018-12-25 21:20:00,186.826995849609,9.13117218017578,2228.87266353356,36.5232505798339,True
2018-12-25 21:30:00,195.070693969726,9.09206104278564,2203.50033009277,36.3688507080078,True
2018-12-25 21:40:00,118.662200927734,8.27220058441162,1689.51289287193,35.3952598571777,True
2018-12-25 21:50:00,90.3528823852539,7.9794430732727,1518.24663359432,36.1240882873535,True
2018-12-25 22:00:00,222.859893798828,9.10213375091552,2210.0299024293,35.2356605529785,True
2018-12-25 22:10:00,177.218399047851,8.77678680419921,2001.20904715372,35.9682312011718,True
2018-12-25 22:20:00,177.077499389648,8.62889385223388,1908.0526488632,35.2900695800781,True
2018-12-25 22:30:00,130.251602172851,8.27473545074462,1691.03053768295,34.8437309265136,True
2018-12-25 22:40:00,141.838806152343,8.56010627746582,1865.18653135562,34.3793983459472,True
2018-12-25 22:50:00,206.046600341796,8.94848442077636,2110.83531250785,22.8710803985595,True
2018-12-25 23:00:00,183.360305786132,8.90317630767822,2081.7695539718,27.0864696502685,True
2018-12-25 23:10:00,215.48420715332,9.2421760559082,2301.13410774382,30.5151195526123,True
2018-12-25 23:20:00,190.253997802734,8.7374267578125,1976.29203216009,26.6577606201171,True
2018-12-25 23:30:00,261.101013183593,9.70769309997558,2596.54141608302,25.608039855957,True
2018-12-25 23:40:00,212.121505737304,9.07503223419189,2192.46941293932,26.3803405761718,True
2018-12-25 23:50:00,296.951110839843,10.1066398620605,2856.64499526984,25.9660701751708,True
2018-12-26 00:00:00,394.48388671875,11.2391195297241,3350.49238388536,25.7072601318359,True
2018-12-26 00:10:00,369.47280883789,11.0161695480346,3278.12112521689,25.6537494659423,True
2018-12-26 00:20:00,342.465393066406,10.6891403198242,3151.27873050552,26.0265598297119,True
2018-12-26 00:30:00,379.872100830078,10.9535398483276,3255.79056874161,25.3673000335693,True
2018-12-26 00:40:00,346.712890625,10.3825597763061,3007.92428023647,24.9663791656494,True
2018-12-26 00:50:00,358.168487548828,10.2601499557495,2943.53243365733,25.0167903900146,True
2018-12-26 01:00:00,342.632293701171,9.60572433471679,2521.54911754599,23.5292797088623,True
2018-12-26 01:10:00,294.864990234375,8.92509460449218,2095.81895888131,22.4260692596435,True
2018-12-26 01:20:00,256.479888916015,7.46299600601196,1238.84487009573,22.0899600982666,True
2018-12-26 01:30:00,349.602996826171,9.44898986816406,2436.50415164571,21.6480693817138,True
2018-12-26 01:40:00,285.701110839843,8.50223064422607,1829.36932986641,22.0802898406982,True
2018-12-26 01:50:00,303.537109375,10.0271596908569,2808.87384249693,21.564619064331,True
2018-12-26 02:00:00,252.627395629882,9.50417041778564,2443.19745108495,22.2923698425292,True
2018-12-26 02:10:00,211.027404785156,8.46616268157958,1807.1690850204,22.1049995422363,True
2018-12-26 02:20:00,365.055603027343,10.6360502243041,3128.21586184869,21.6692008972167,True
2018-12-26 02:30:00,269.607299804687,9.80311584472656,2663.48163675824,22.3175392150878,True
2018-12-26 02:40:00,285.78759765625,10.3936195373535,3013.53468422175,22.7656898498535,True
2018-12-26 02:50:00,252.190795898437,9.85631656646728,2699.47836667777,21.0166606903076,True
2018-12-26 03:00:00,196.398895263671,9.59339237213134,2512.23204335947,22.0976009368896,True
2018-12-26 03:10:00,124.690299987792,8.98200798034667,2132.39866899228,21.2159900665283,True
2018-12-26 03:20:00,103.035697937011,7.9446678161621,1498.47117456265,19.3977394104003,True
2018-12-26 03:30:00,161.309997558593,8.88910675048828,2072.76276482653,14.1302900314331,True
2018-12-26 03:40:00,44.8303184509277,8.04489135742187,1555.80802173926,13.194049835205,True
2018-12-26 03:50:00,175.194305419921,9.2475996017456,2304.67318199284,14.3968696594238,True
2018-12-26 04:00:00,186.179794311523,10.2065896987915,2914.00703183997,14.1079196929931,True
2018-12-26 04:10:00,7.55311107635498,8.45847797393798,1802.4514259797,15.7195396423339,True
2018-12-26 04:20:00,0.0,7.98535299301147,1521.62013146163,20.7497291564941,True
2018-12-26 04:30:00,0.0,8.62677192687988,1906.72571970448,21.589500427246,True
2018-12-26 04:40:00,0.0,7.30697917938232,1160.39359164501,22.8390598297119,True
2018-12-26 04:50:00,0.0,6.33151006698608,741.645356636367,25.958080291748,True
2018-12-26 05:00:00,0.0,5.91607618331909,597.039503755251,22.2257709503173,True
2018-12-26 05:10:00,0.0,7.07972717285156,1052.28647955767,20.774070739746,True
2018-12-26 05:20:00,0.0,8.94369411468505,2107.75796153503,21.7007598876953,True
2018-12-26 05:30:00,0.0,6.79421281814575,925.979848856009,18.9202003479003,True
2018-12-26 05:40:00,0.0,7.13299894332885,1077.00117054836,15.3513097763061,True
2018-12-26 05:50:00,0.0,7.30364799499511,1158.75725542303,20.3056392669677,True
2018-12-26 06:00:00,0.0,7.29577112197875,1154.8942869431,19.9203605651855,True
2018-12-26 06:10:00,9.58179378509521,7.95701313018798,1505.47676784283,11.8812503814697,True
2018-12-26 06:20:00,0.0,7.62276697158813,1321.94285709505,19.2978706359863,True
2018-12-26 06:30:00,0.0,6.5119252204895,810.663489280657,35.6490211486816,True
2018-12-26 06:40:00,0.0,5.90725898742675,594.145224214238,49.8157882690429,True
2018-12-26 06:50:00,0.0,6.98947381973266,1011.2573284856,41.890380859375,True
2018-12-26 07:00:00,0.0,6.22261190414428,701.698456573908,46.3823699951171,True
2018-12-26 07:10:00,0.0,7.52880477905273,1272.82322374486,33.5410690307617,True
2018-12-26 07:20:00,0.0,7.04415702819824,1035.99112629675,25.6434898376464,True
2018-12-26 07:30:00,0.0,6.21249723434448,698.052853779382,29.700849533081,True
2018-12-26 07:40:00,0.0,6.37959384918212,759.691851010082,25.481050491333,True
2018-12-26 07:50:00,0.0,6.32819890975952,740.411866603942,23.7001895904541,True
2018-12-26 08:00:00,0.0,6.20919704437255,696.865749392102,22.91109085083,True
2018-12-26 08:10:00,0.0,6.36908912658691,755.727836080755,24.7817096710205,True
2018-12-26 08:20:00,0.0,6.24930000305175,711.370289572872,20.3099002838134,True
2018-12-26 08:30:00,0.0,7.35172986984252,1182.53039802938,11.4422597885131,True
2018-12-26 08:40:00,0.0,7.05564212799072,1041.23472482641,17.2189407348632,True
2018-12-26 08:50:00,0.0,7.48287296295166,1249.10129208624,24.0045299530029,True
2018-12-26 09:00:00,0.0,8.21698188781738,1656.59286404322,35.203800201416,True
2018-12-26 09:10:00,0.0,7.94624185562133,1499.36348533245,34.5864906311035,True
2018-12-26 09:20:00,0.0,7.00618886947631,1018.77723527416,44.0906410217285,True
2018-12-26 09:30:00,0.0,6.81402683258056,934.422013530318,50.9048805236816,True
2018-12-26 09:40:00,0.0,7.06504201889038,1045.53901829683,49.098461151123,True
2018-12-26 09:50:00,0.0,6.39781284332275,766.595404247465,46.274070739746,True
2018-12-26 10:00:00,0.0,6.51045989990234,810.088489471447,41.8460006713867,True
2018-12-26 10:10:00,0.0,7.04013109207153,1034.1570896098,38.398811340332,True
2018-12-26 10:20:00,0.0,6.52395105361938,815.391522134307,38.9404907226562,True
2018-12-26 10:30:00,0.0,6.69524478912353,884.506655967027,44.339729309082,True
2018-12-26 10:40:00,0.0,6.24508190155029,709.836548600725,37.0263404846191,True
2018-12-26 10:50:00,0.0,5.91085815429687,595.325677467139,23.5153102874755,True
2018-12-26 11:00:00,0.0,6.27474021911621,720.66116483611,19.5601406097412,True
2018-12-26 11:10:00,0.0,6.09425783157348,656.248575635506,22.2235393524169,True
2018-12-26 11:20:00,0.0,5.60092401504516,498.50652463155,24.9657497406005,True
2018-12-26 11:30:00,0.0,5.51949787139892,474.626337442738,27.6822204589843,True
2018-12-26 11:40:00,0.0,5.24025392532348,397.28945921066,34.8967704772949,True
2018-12-26 11:50:00,0.0,5.19147777557373,384.470027216385,39.5563201904296,True
2018-12-26 12:00:00,0.0,4.75653600692749,278.364095968349,25.1247692108154,True
2018-12-26 12:10:00,0.0,5.41941595077514,446.114394879917,31.6085700988769,True
2018-12-26 12:20:00,0.0,3.84632301330566,100.383347853844,28.7843608856201,True
2018-12-26 12:30:00,0.0,4.23948621749877,168.799487496063,30.1300201416015,True
2018-12-26 12:40:00,0.0,4.52730798721313,227.802358581239,22.7405891418457,True
2018-12-26 13:00:00,0.0,3.75785708427429,86.1992155115558,14.6698303222656,True
2018-12-26 13:10:00,0.0,4.43552207946777,208.475197578799,49.6335296630859,True
2018-12-26 13:20:00,0.0,4.70259189605712,266.157226784761,49.4793891906738,True
2018-12-26 13:30:00,0.0,3.99687099456787,127.400014211031,44.5227088928222,True
2018-12-26 13:40:00,0.0,4.28513479232788,177.852120488693,48.6389808654785,True
2018-12-26 13:50:00,0.0,4.61987876892089,247.814305359645,59.5225601196289,True
2018-12-26 14:00:00,0.0,6.24725818634033,710.627627211876,56.4193496704101,True
2018-12-26 14:10:00,0.0,6.10783386230468,660.97250099718,49.7006797790527,True
2018-12-26 14:20:00,0.0,4.86677598953247,303.932734533796,48.5204200744628,True
2018-12-26 14:30:00,0.0,6.27037620544433,719.062458884676,36.5087089538574,True
2018-12-26 14:40:00,0.0,5.57265996932983,490.146741535213,29.8004703521728,True
2018-12-26 14:50:00,0.0,4.7384648323059,274.252957757569,26.4074192047119,True
2018-12-26 15:00:00,0.0,4.36905097961425,194.784678273359,28.6878604888916,True
2018-12-26 15:10:00,0.0,5.26460599899291,403.763999997321,30.197130203247,True
2018-12-26 15:20:00,0.0,4.0203537940979,126.788166601021,40.0747489929199,True
2018-12-26 15:30:00,0.0,4.01801013946533,126.351037744839,38.3818702697753,True
2018-12-26 15:40:00,0.0,4.00661706924438,124.229529606963,25.9738101959228,True
2018-12-26 15:50:00,0.0,4.0191102027893,126.556186531219,32.9748382568359,True
2018-12-26 16:00:00,0.0,4.28205299377441,177.237514271336,44.1813697814941,True
2018-12-26 16:10:00,0.0,4.65715885162353,256.026597114776,40.483959197998,True
2018-12-26 16:20:00,0.0,3.872407913208,104.804698584892,39.2342300415039,True
2018-12-26 16:30:00,0.0,3.64219307899475,69.5431345845327,50.7227592468261,True
2018-12-26 16:50:00,0.0,4.32394123077392,185.634815715932,55.36323928833,True
2018-12-26 17:00:00,0.0,4.50817203521728,223.731450043001,42.802318572998,True
2018-12-26 17:10:00,0.0,4.14154911041259,149.736779067591,46.9218788146972,True
2018-12-26 17:20:00,0.0,4.07193899154663,136.472465310883,48.0292892456054,True
2018-12-26 18:50:00,0.0,4.43979501724243,209.363916821379,17.59787940979,True
2018-12-26 19:00:00,0.0,4.07626008987426,137.289214517781,39.4154586791992,True
2018-12-26 21:40:00,0.0,3.65862798690795,71.7793615921291,343.17919921875,True
2018-12-26 22:00:00,0.0,3.59010410308837,62.7411594973673,341.3330078125,True
2018-12-26 22:10:00,0.0,3.6831510066986,75.1964560506212,343.233489990234,True
2018-12-26 22:20:00,0.0,4.19691514968872,160.454235552196,345.377807617187,True
2018-12-26 22:30:00,0.0,4.29652118682861,180.127303914153,342.243194580078,True
2018-12-26 22:40:00,0.0,4.10620021820068,142.972284879256,345.984497070312,True
2018-12-27 01:10:00,0.0,3.5863881111145,62.2725009041787,28.1268291473388,True
2018-12-27 01:20:00,0.0,4.21522998809814,164.033195427952,24.0947093963623,True
2018-12-27 01:30:00,0.0,4.08755922317504,139.429016671831,22.4013996124267,True
2018-12-27 01:40:00,0.0,3.99192404747009,126.454634794999,16.6008491516113,True
2018-12-27 01:50:00,0.0,4.35884809494018,192.705336777421,16.6778697967529,True
2018-12-27 02:00:00,0.0,4.5814208984375,239.435514615832,15.9528198242187,True
2018-12-27 02:10:00,0.0,4.09675216674804,141.17436000668,11.4909400939941,True
2018-12-27 02:30:00,0.0,3.62478494644165,67.2216166301405,358.816192626953,True
2018-12-27 02:40:00,0.0,4.42698001861572,206.701721114212,348.673614501953,True
2018-12-27 02:50:00,0.0,4.43107414245605,207.551204273875,0.746172428131103,True
2018-12-27 03:00:00,0.0,3.84198498725891,99.6586170938363,13.7313899993896,True
2018-12-27 03:10:00,0.0,4.07003307342529,136.112494519907,345.967407226562,True
2018-12-27 04:30:00,0.0,3.535325050354,56.0562343742495,14.7791996002197,True
2018-12-27 04:50:00,0.0,3.72314596176147,80.9758773373214,17.9029197692871,True
2018-12-27 05:00:00,0.0,4.52733707427978,227.808563362121,24.1709003448486,True
2018-12-27 05:10:00,0.0,4.47293901443481,216.293667524046,39.8918113708496,True
2018-12-27 05:20:00,0.0,3.84073400497436,99.4501815287986,33.9595489501953,True
2018-12-27 08:30:00,0.0,3.52639198303222,55.0116250410792,318.723510742187,True
2018-12-27 09:00:00,0.0,3.96379804611206,121.15407137074,323.089813232421,True
2018-12-27 09:30:00,0.0,3.65226101875305,70.9079075268792,313.599090576171,True
2018-12-27 09:50:00,0.0,4.19267320632934,159.627717854452,317.555297851562,True
2018-12-27 10:20:00,0.0,3.71880507469177,80.3362212223483,289.755493164062,True
2018-12-27 10:30:00,0.0,4.03469991683959,129.469307459434,318.955688476562,True
2018-12-27 10:40:00,0.0,4.55209398269653,233.108403957203,314.517486572265,True
2018-12-27 10:50:00,0.0,3.58641695976257,62.2761307681767,314.315887451171,True
2018-12-27 11:30:00,0.0,3.55700206756591,58.644170423926,335.416687011718,True
2018-12-27 12:30:00,0.0,4.45078182220458,211.653913262837,346.659301757812,True
2018-12-27 12:40:00,0.0,4.83818101882934,297.218514185885,338.148010253906,True
2018-12-27 12:50:00,0.0,4.37166118621826,195.317568668672,337.075286865234,True
2018-12-27 13:00:00,0.0,6.08541011810302,653.180517331726,342.665008544921,True
2018-12-27 13:10:00,0.0,5.7177128791809,533.864330449167,351.8544921875,True
2018-12-27 13:20:00,0.0,4.53394317626953,229.219096356721,348.361999511718,True
2018-12-27 13:30:00,0.0,4.41113710403442,203.423587404471,352.998504638671,True
2018-12-27 13:40:00,0.0,5.5576901435852,485.749619763061,355.143585205078,True
2018-12-27 13:50:00,0.0,6.17869901657104,685.950599237796,350.169799804687,True
2018-12-27 14:00:00,0.0,6.95948886871337,997.855913079869,354.420013427734,True
2018-12-27 14:10:00,0.0,5.92634105682373,600.419305264264,3.96301388740539,True
2018-12-27 14:20:00,0.0,6.08380985260009,652.626497833315,18.2479000091552,True
2018-12-27 14:30:00,0.0,4.33426618576049,187.719214943829,25.2583904266357,True
2018-12-27 14:40:00,0.0,4.09894704818725,141.591660939405,27.9285697937011,True
2018-12-27 14:50:00,0.0,4.15733480453491,152.777089905829,20.6710491180419,True
2018-12-27 15:00:00,0.0,4.15135097503662,151.62317838835,28.8813495635986,True
2018-12-27 15:10:00,0.0,3.59160804748535,62.9314640674856,27.046329498291,True
2018-12-27 15:20:00,0.0,3.99864792823791,127.740548469524,33.1871299743652,True
2018-12-27 15:30:00,0.0,4.32256317138671,185.35705261235,37.9169197082519,True
2018-12-27 15:40:00,0.0,3.89728999137878,109.123626014404,33.8716316223144,True
2018-12-27 16:00:00,0.0,3.52837300300598,55.2421785206361,24.8041496276855,True
2018-12-27 16:10:00,0.0,3.73163390159606,82.2353381282492,18.4166202545166,True
2018-12-27 16:20:00,0.0,4.26203823089599,173.258164278094,32.4802093505859,True
2018-12-27 16:30:00,0.0,5.38054180145263,435.282979785141,28.2915306091308,True
2018-12-27 16:40:00,0.0,4.72835493087768,271.962631953054,27.5430107116699,True
2018-12-27 16:50:00,0.0,5.3334321975708,422.335353650442,22.8035297393798,True
2018-12-27 17:00:00,0.0,5.13591909408569,370.105828193533,26.4159507751464,True
2018-12-27 17:10:00,0.0,4.10986423492431,143.670669112595,21.5338802337646,True
2018-12-27 17:20:00,0.0,4.33191776275634,187.2446048846,12.4513397216796,True
2018-12-27 17:30:00,0.0,3.60713291168212,64.9170829696377,18.545820236206,True
2018-12-27 17:40:00,0.0,4.33501482009887,187.870575347145,11.233510017395,True
2018-12-27 17:50:00,0.0,4.39941501617431,201.007355161911,8.09055519104003,True
2018-12-27 18:00:00,0.0,4.3159761428833,184.03078779216,20.3452205657958,True
2018-12-27 18:10:00,0.0,3.7139720916748,79.6275987488334,26.2251300811767,True
2018-12-27 18:20:00,0.0,3.97395491600036,123.053611584114,12.7349996566772,True
2018-12-27 18:30:00,0.0,3.94506001472473,117.692994985712,2.09130001068115,True
2018-12-27 18:50:00,0.0,3.53640007972717,56.1828061937749,359.485595703125,True
2018-12-27 19:20:00,0.0,3.87496209144592,105.243479843663,351.967895507812,True
2018-12-27 19:30:00,0.0,3.83562588691711,98.6016782122288,6.69852685928344,True
2018-12-27 23:50:00,0.0,3.63295602798461,68.3052595644731,27.613389968872,True
2018-12-28 00:00:00,0.0,3.80416989326477,93.4685739631504,33.6986503601074,True
2018-12-28 00:20:00,0.0,4.82416296005249,293.948214167432,40.7677383422851,True
2018-12-28 00:30:00,0.0,3.60478997230529,64.614951961853,34.5016784667968,True
2018-12-28 01:10:00,0.0,3.66178894042968,72.2144142277538,59.926399230957,True
2018-12-28 04:50:00,0.0,3.6677610874176,73.0407443868944,60.2058906555175,True
2018-12-28 05:10:00,0.0,3.67592000961303,74.1788690592402,77.5016403198242,True
2018-12-28 05:40:00,0.0,3.7637779712677,87.1094382320707,66.1159362792968,True
2018-12-28 05:50:00,0.0,3.61305999755859,65.6853247703984,60.8744506835937,True
2018-12-28 06:00:00,0.0,3.54891395568847,57.6697690419969,63.6118507385253,True
2018-12-28 06:30:00,0.0,3.53460597991943,55.9716756586713,79.1358566284179,True
2018-12-28 06:40:00,0.0,3.96223592758178,120.863388108952,87.1989364624023,True
2018-12-28 06:50:00,0.0,3.74461007118225,84.183054926315,90.7649230957031,True
2018-12-28 07:20:00,0.0,3.61795902252197,66.3245570020081,98.2914428710937,True
2018-12-28 07:30:00,0.0,3.67958688735961,74.6938473931987,99.6873397827148,True
2018-12-28 07:40:00,0.0,3.66256403923034,72.3213377418697,110.91470336914,True
2018-12-28 07:50:00,0.0,3.59889602661132,63.8587889068294,118.157897949218,True
2018-12-28 08:00:00,0.0,3.84528493881225,100.209648264619,143.424896240234,True
2018-12-28 08:10:00,0.0,3.53656792640686,56.2025848169042,146.645904541015,True
2018-12-28 15:00:00,0.0,3.72072005271911,80.6180332383274,164.783599853515,True
2018-12-28 15:10:00,0.0,4.46473121643066,214.571573726561,172.332702636718,True
2018-12-29 07:50:00,114.494499206542,7.52137088775634,1268.98695181818,232.54800415039,True
2018-12-29 08:00:00,0.0,7.7510290145874,1390.80886415748,238.914398193359,True
2018-12-29 08:10:00,0.0,8.06963157653808,1570.12045831015,232.924697875976,True
2018-12-29 08:20:00,0.0,8.44305610656738,1792.997239082,226.507904052734,True
2018-12-29 08:30:00,0.0,8.72737121582031,1969.9402944546,219.423706054687,True
2018-12-29 08:40:00,0.0,7.67355680465698,1348.96816248474,240.327804565429,True
2018-12-29 08:50:00,0.0,7.25712490081787,1136.06867143638,225.095001220703,True
2018-12-29 09:00:00,0.0,7.31779479980468,1165.71734796657,234.34080505371,True
2018-12-29 09:10:00,0.0,6.95449304580688,995.634065716246,245.97850036621,True
2018-12-29 09:20:00,0.0,8.05005645751953,1558.79099789994,248.008499145507,True
2018-12-29 09:30:00,0.0,8.72645187377929,1969.35986676294,255.051300048828,True
2018-12-29 09:40:00,0.0,8.49593257904052,1825.48597724906,253.28709411621,True
2018-12-29 09:50:00,0.0,7.75296115875244,1391.86168820663,257.587097167968,True
2018-12-29 10:00:00,0.0,7.22268819808959,1119.46978246252,257.613891601562,True
2018-12-29 10:10:00,0.0,7.61671304702758,1318.74344423582,255.690505981445,True
2018-12-29 10:20:00,0.0,6.82627820968627,939.665447299748,254.699005126953,True
2018-12-29 10:30:00,0.0,7.58963012695312,1304.48838261015,260.461608886718,True
2018-12-29 10:40:00,0.0,7.08542299270629,1054.91114230781,259.11880493164,True
2018-12-29 10:50:00,0.0,7.03151082992553,1030.23710025661,263.677703857421,True
2018-12-29 11:00:00,0.0,7.73665714263916,1382.9917234264,266.188507080078,True
2018-12-29 11:10:00,0.0,7.01390695571899,1022.26150091482,261.711700439453,True
2018-12-29 11:20:00,0.0,6.49138784408569,802.626267953561,257.805786132812,True
2018-12-29 11:30:00,0.0,7.19087314605712,1104.28004443551,263.521514892578,True
2018-12-29 11:40:00,0.0,7.6153540611267,1318.02588645986,265.727996826171,True
2018-12-29 11:50:00,0.0,7.35727405548095,1185.29310701065,268.140808105468,True
2018-12-29 12:00:00,0.0,6.42517805099487,777.032791762947,263.272491455078,True
2018-12-29 12:10:00,0.0,6.60121202468872,846.15339121642,264.672088623046,True
2018-12-29 12:20:00,0.0,7.00111818313598,1016.49224430712,274.568389892578,True
2018-12-29 12:30:00,0.0,7.23233795166015,1124.10447538172,274.241088867187,True
2018-12-29 12:40:00,0.0,7.38965511322021,1201.51868501113,277.555297851562,True
2018-12-29 12:50:00,0.0,6.71796178817749,893.924972441149,273.789093017578,True
2018-12-29 13:00:00,0.0,6.4646201133728,792.220968235066,269.952697753906,True
2018-12-29 13:10:00,0.0,7.64709091186523,1334.84491198215,278.40478515625,True
2018-12-29 13:20:00,0.0,6.87502002716064,960.705481491391,275.529388427734,True
2018-12-29 13:30:00,0.0,6.5594139099121,829.427995970721,267.1494140625,True
2018-12-29 13:40:00,0.0,6.11877489089965,664.793879831181,265.44580078125,True
2018-12-29 13:50:00,0.0,5.55837106704711,485.949171627984,266.922302246093,True
2018-12-29 14:00:00,0.0,4.87078094482421,304.87778100715,257.514099121093,True
2018-12-29 14:10:00,0.0,4.64166688919067,252.603049763287,266.859710693359,True
2018-12-29 14:20:00,0.0,4.36005496978759,192.950995258554,257.116485595703,True
2018-12-29 14:30:00,0.0,4.73244714736938,272.888863684146,262.199798583984,True
2018-12-29 14:40:00,0.0,4.36534404754638,194.028537673298,264.594085693359,True
2018-12-29 14:50:00,3.7315969467163,4.39947795867919,201.020308395383,268.997589111328,True
2018-12-29 15:00:00,0.638265311717987,4.08313179016113,138.589850865223,271.798095703125,True
2018-12-29 15:10:00,0.0,4.50815296173095,223.727403468933,279.529388427734,True
2018-12-29 15:20:00,0.0,4.24260377883911,169.414275837422,284.119995117187,True
2018-12-29 15:30:00,0.0,4.1464238166809,150.674346758928,296.551605224609,True
2018-12-29 15:40:00,0.0,4.25197410583496,171.265152568931,295.288299560546,True
2018-12-29 17:10:00,0.0,4.27149581909179,175.135898046403,303.045013427734,True
2018-12-29 17:20:00,0.0,3.63258099555969,68.2552891333735,313.002990722656,True
2018-12-29 17:30:00,0.0,4.27127695083618,175.092390217552,329.05288696289,True
2018-12-29 17:40:00,0.0,4.2304720878601,167.024707423948,330.155700683593,True
2018-12-29 17:50:00,0.0,3.82094001770019,96.185481579334,341.083587646484,True
2018-12-29 18:20:00,0.0,3.8365089893341,98.7480707976329,321.489593505859,True
2018-12-29 18:40:00,0.0,4.2350378036499,167.923121978093,311.947387695312,True
2018-12-29 19:00:00,0.0,4.24844884872436,170.568290092795,341.354888916015,True
2018-12-29 19:10:00,0.0,4.45442199707031,212.414193783642,328.157287597656,True
2018-12-29 19:20:00,0.0,4.76938915252685,281.301693061249,322.119110107421,True
2018-12-29 19:30:00,0.0,5.03563690185546,344.802905620695,320.567993164062,True
2018-12-29 19:40:00,25.4149494171142,6.81060791015625,932.961966103648,330.8046875,True
2018-12-29 19:50:00,48.6514091491699,6.76698303222656,914.454187482176,338.010711669921,True
2018-12-29 20:00:00,66.3978881835937,7.67543888092041,1349.97585874691,343.988098144531,True
2018-12-29 20:10:00,83.7085266113281,7.48207092285156,1248.6862696304,345.315612792968,True
2018-12-29 20:20:00,133.135696411132,8.36002254486083,1742.40963343707,350.643096923828,True
2018-12-29 20:30:00,129.767395019531,8.11186695098876,1594.69426251609,1.7675290107727,True
2018-12-29 20:40:00,262.151611328125,10.2669200897216,2947.20525217637,5.31891298294067,True
2018-12-29 20:50:00,231.534393310546,9.40495777130126,2407.62336982681,8.096040725708,True
2018-12-29 21:00:00,133.945098876953,8.91146659851074,2087.08097253878,19.2840309143066,True
2018-12-29 21:10:00,0.0,10.3776702880859,3005.4331151767,30.1524391174316,True
2018-12-29 21:20:00,0.0,10.0811500549316,2841.53536917097,24.5188598632812,True
2018-12-29 21:30:00,110.344703674316,8.38422775268554,1757.10047102026,20.1466197967529,True
2018-12-29 21:40:00,72.9010467529296,7.64695882797241,1334.77464814878,25.7593593597412,True
2018-12-29 21:50:00,59.9904594421386,7.29549598693847,1154.75951502471,25.7285499572753,True
2018-12-29 22:00:00,28.0148296356201,6.77846717834472,919.304416138063,21.6361293792724,True
2018-12-29 22:10:00,194.032394409179,8.30500793457031,1709.19753632545,24.0228805541992,True
2018-12-29 22:20:00,201.854705810546,8.48833179473876,1820.80319355502,25.0177192687988,True
2018-12-29 22:30:00,85.0735321044921,7.39221620559692,1202.80858858603,24.6912994384765,True
2018-12-29 22:40:00,72.4427108764648,7.1983208656311,1107.82344481464,26.8373699188232,True
2018-12-29 22:50:00,9.26918220520019,6.67870092391967,877.685314719333,32.0899391174316,True
2018-12-29 23:00:00,0.0,6.39450693130493,765.340036445138,36.2529907226562,True
2018-12-29 23:10:00,58.5655097961425,7.81837701797485,1427.76768350679,32.2379989624023,True
2018-12-29 23:20:00,60.5527610778808,7.78295278549194,1408.26117499968,33.1271209716796,True
2018-12-29 23:30:00,62.6945495605468,8.00220680236816,1531.26070101162,31.9993095397949,True
2018-12-29 23:40:00,92.3615036010742,8.60999774932861,1896.24629584667,30.9434509277343,True
2018-12-29 23:50:00,31.8950290679931,7.83141613006591,1434.98441109528,30.6021995544433,True
2018-12-30 00:00:00,1.73593401908874,7.29491519927978,1154.47505780136,30.9643497467041,True
2018-12-30 00:10:00,0.0,6.09126281738281,655.209079628304,31.0921802520751,True
2018-12-30 00:20:00,0.0,5.79683113098144,558.581257119569,26.9953899383544,True
2018-12-30 00:30:00,0.0,4.4029688835144,201.739074665895,26.269790649414,True
2018-12-30 00:40:00,0.0,5.92969989776611,601.527649207324,31.3393192291259,True
2018-12-30 00:50:00,0.0,4.72060823440551,270.212330441709,29.4676399230957,True
2018-12-30 01:00:00,0.0,6.46265411376953,791.459854541422,35.7364997863769,True
2018-12-30 01:10:00,0.0,6.63329601287841,859.125870677574,31.0591297149658,True
2018-12-30 01:20:00,0.0,6.43061780929565,779.117346909189,29.2791404724121,True
2018-12-30 01:30:00,0.0,6.03737878799438,636.670981080498,27.1509799957275,True
2018-12-30 01:40:00,0.0,6.40606784820556,769.735324197275,21.1271991729736,True
2018-12-30 01:50:00,0.0,6.06890106201171,647.478151647883,23.2426204681396,True
2018-12-30 02:00:00,0.0,5.85076999664306,575.795292744588,18.5845909118652,True
2018-12-30 02:10:00,0.0,6.13173198699951,669.335957325879,24.3555507659912,True
2018-12-30 02:20:00,0.0,5.24117803573608,397.534245666497,22.5824794769287,True
2018-12-30 02:30:00,0.0,4.95498418807983,325.017228706765,11.566909790039,True
2018-12-30 02:40:00,0.0,6.18583583831787,688.495916322702,14.2768697738647,True
2018-12-30 02:50:00,0.0,5.2192940711975,391.756574235701,16.1876907348632,True
2018-12-30 03:00:00,0.0,5.11404514312744,364.51886632434,14.4165000915527,True
2018-12-30 03:10:00,0.0,3.78243494033813,90.0142729597756,4.69315814971923,True
2018-12-30 03:20:00,0.0,5.63988208770751,510.154176290245,359.656494140625,True
2018-12-30 03:30:00,0.0,5.29448795318603,411.777276756571,16.0260696411132,True
2018-12-30 03:40:00,0.0,5.11421823501586,364.56292676382,21.6155796051025,True
2018-12-30 03:50:00,0.0,4.13019323348999,147.557133256033,18.970100402832,True
2018-12-30 04:00:00,0.0,3.93161797523498,115.244739349994,2.90215110778808,True
2018-12-30 04:30:00,0.0,4.15356492996215,152.049909499133,41.2068099975585,True
2018-12-30 04:40:00,0.0,3.93417501449584,115.708237080533,41.0004196166992,True
2018-12-30 05:10:00,0.0,3.66307091712951,72.3913126395828,44.5874481201171,True
2018-12-30 05:40:00,0.0,3.62380290031433,67.0920974853043,38.978099822998,True
2018-12-30 17:40:00,0.0,4.11402606964111,144.464714411665,65.1318969726562,True
2018-12-30 17:50:00,3.52720189094543,3.60198807716369,64.2547900730178,60.5029602050781,True
2018-12-31 01:10:00,0.0,3.92282199859619,113.658339242524,124.522796630859,True
2018-12-31 11:50:00,0.0,3.91659188270568,112.542194601939,78.9617004394531,True
2018-12-31 12:50:00,0.0,3.86132001876831,102.912014579069,75.0050735473632,True
2018-12-31 13:40:00,0.0,3.6702880859375,73.3921082019805,71.9546585083007,True
2018-12-31 13:50:00,0.0,4.54496383666992,231.578162505775,69.7095870971679,True
2018-12-31 14:00:00,69.7373733520507,4.36900615692138,194.775530756034,63.8162117004394,True
